% Model,Chartalbagandov_R_Nealder_3.mph
% Version,COMSOL 6.4.0.429
% Date,"Sep 3 2026, 15:06"
% Dimension,1
% Nodes,204
% Expressions,1
% Description,Global
% Time (ms),Модель
0,0
0.23,1.198442930811438E-5
0.46,0.003750683636772066
0.5,0.00449341389837785
0.69,0.014962482853795336
0.92,0.011029223699151467
1,0.012593156816332773
1.16,0.017457838331286023
1.39,5.644874223542044E-4
1.5,0.004621627023691102
1.62,0.009329706263137097
1.85,0.009664363023386505
2,0.015481735085172036
2.08,0.01804587982433289
2.31,0.018607819299948435
2.5,0.018418166386575462
2.54,0.017996206379097678
2.77,0.015569936336100444
3,0.015752927392810895
3.2300000000000004,0.0185938358713506
3.4700000000000006,0.018610560469850063
3.5,0.018616372920460054
3.7,0.01865512259119338
3.93,0.018633233480250172
4,0.018626352202728673
4.16,0.018610623568393814
4.39,0.019523423952023135
4.5,0.02002342902628777
4.62,0.02056888910730375
4.8500000000000005,0.021614354262584356
5,0.02229617936385432
5.08,0.022659819417864963
5.31,0.02407645036035156
5.5,0.025412659145483223
5.54,0.025693966258142523
5.78,0.027381808934098317
6,0.032106044737096606
6.01,0.03257832946857301
6.240000000000001,0.04600459886414594
6.47,0.06567402824007727
6.5,0.06947707344419486
6.7,0.0966651824680349
6.93,0.13279961206322619
7,0.14394057475781832
7.16,0.1712833327823287
7.39,0.21792613840303687
7.5,0.23642509035327852
7.62,0.2570080919299794
7.85,0.2953146938176556
8,0.31545981196027095
8.09,0.3272953090778366
8.32,0.3686951597970238
8.5,0.40130271121405214
8.55,0.41027194185814403
8.78,0.44827256190307124
9,0.48195868235938827
9.01,0.4835147502869597
9.24,0.5193043126210993
9.47,0.5355467264630588
9.5,0.5375454371894292
9.700000000000001,0.5538164438843929
9.93,0.5823218317491486
10,0.5900197191595182
10.16,0.6060692680157829
10.400000000000002,0.6323433904370522
10.5,0.6407920053294723
10.63,0.6499272560661836
10.86,0.6668766750195984
11,0.6790534138488462
11.090000000000002,0.6876222896525884
11.32,0.7126802663927911
11.5,0.7326271849840839
11.55,0.7381596566416995
11.78,0.7636034456375196
12,0.7913021286738804
12.01,0.7925611597209875
12.24,0.8176276764396798
12.47,0.8288426273530577
12.5,0.8302591926770827
12.71,0.8450458472885923
12.94,0.8619757475185373
13,0.8665435178455033
13.17,0.878405819919048
13.4,0.8935301207814252
13.5,0.9001059037650674
13.63,0.9081902674601015
13.86,0.9216941332731289
14,0.9299138776810585
14.09,0.9350941408439843
14.32,0.9477343775061988
14.5,0.9576267366331492
14.55,0.9603746141684131
14.78,0.9773142338487558
15,0.9937152910793859
15.02,0.9952062962821705
15.25,1.0097836192756586
15.48,1.0235474733853076
15.5,1.0243513970557223
15.71,1.0327925955950779
15.94,1.0409378567513552
16,1.0421643467714132
16.17,1.045639401828244
16.4,1.0553723092991263
16.5,1.0607386115940753
16.63,1.0675000641811796
16.86,1.0769746649479892
17,1.0782944969598007
17.09,1.078296849396978
17.33,1.072816130006553
17.5,1.061109963276504
17.56,1.0557443280633427
17.79,1.0506154966684076
18,1.0359284451212976
18.02,1.0345440175197167
18.25,1.023424501027336
18.48,1.0073399071738156
18.5,1.0051058691997425
18.71,0.9809429037987722
18.94,0.9597671195638756
19,0.9517585705994127
19.17,0.9288962382254412
19.400000000000002,0.8950952522986755
19.5,0.8835642388436438
19.64,0.8671802492604801
19.87,0.8401709922815296
20,0.8249662294868454
20.100000000000005,0.8120135466748343
20.33,0.7639157765894364
20.5,0.7304119681449449
20.56,0.7188208536808054
20.79,0.6771784296698752
21,0.6428222314706175
21.02,0.6396196996047206
21.25,0.6059818023579678
21.480000000000004,0.5655132851890138
21.5,0.5618725913298431
21.71,0.5218396332833495
21.95,0.4502012461384141
22,0.4370027052285789
22.180000000000003,0.39264431856252263
22.41,0.32482821912670257
22.5,0.2977892008364997
22.64,0.2585196728545218
22.87,0.20511083253781148
23,0.18476203909219388
23.1,0.17128867562554068
23.33,0.1433956318433836
23.5,0.12485132255962145
23.56,0.11806798707742627
23.79,0.08292813909368206
24,0.06275719650497119
24.02,0.060631616224624665
24.260000000000005,0.03200707944620919
24.49,0.01913143515584473
24.5,0.018612231703905538
24.72,0.009478627557171939
24.95,0.0022726966187162382
25,9.120355771089476E-4
25.18,-5.236616782290215E-7
25.410000000000004,6.429824713418829E-6
25.5,1.1984386111399186E-5
25.64,1.1984446053047728E-5
25.87,1.198453251756112E-5
26,1.19845145948454E-5
26.1,1.1984500808144127E-5
26.33,1.1984469098713581E-5
26.5,1.198444566131193E-5
26.57,1.1984436010625105E-5
26.8,1.198442930811438E-5
27,1.1984429308182143E-5
27.03,1.1984429308195695E-5
27.26,1.1984429308195695E-5
27.490000000000002,1.1984429308046617E-5
27.5,1.1984429308046617E-5
27.72,0.00276397796478969
27.95,0.00947178376856948
28,0.011475869586977851
28.18,0.017604203814162722
28.41,0.022136450119845254
28.5,0.0225934126684316
28.64,0.02313660890368672
28.88,0.02222578856160412
29,0.020441250919828038
29.11,0.01791071758616443
29.34,0.011168723638853685
29.5,0.009082545503834073
29.570000000000004,0.007766731949840954
29.8,9.32864785775227E-4
30,-5.44450608470188E-6
30.03,-1.9500831054255563E-6
30.26,1.1984429577240464E-5
30.49,1.1984495890812936E-5
30.5,1.1984494608188213E-5
30.720000000000002,1.1984466390525632E-5
30.95,1.1984436890238328E-5
31,1.1984430477128267E-5
31.19,1.1984429308019512E-5
31.42,1.1984429308073722E-5
31.5,1.1984429308100827E-5
31.65,1.1984429308127932E-5
31.88,1.1984429308182143E-5
32,1.1984429308209248E-5
32.11,1.1984429308236353E-5
32.5,1.1984429308236353E-5
