% Model,Grigorenko_L_Nealder.mph
% Version,COMSOL 6.4.0.429
% Date,"Sep 3 2026, 13:39"
% Dimension,1
% Nodes,204
% Expressions,1
% Description,Global
% Time (ms),Расч.
0,0
0.23,-5.749877907250411E-6
0.46,-5.749877907033571E-6
0.5,-5.749877906999689E-6
0.69,0.001099898916298166
0.92,0.0026301289009950145
1,0.003162382808715656
1.16,0.0025565409906277573
1.39,6.697784098314279E-4
1.5,-3.483684059133645E-6
1.62,-4.540933452329844E-6
1.85,0.00136437720922197
2,0.004412755838489593
2.08,0.006163584196620206
2.31,0.007405707737412947
2.5,0.0074053177405728875
2.54,0.007405317740572861
2.77,0.007405317740572671
3,0.0074053177405727115
3.2300000000000004,0.007405317740572759
3.4700000000000006,0.007405317740572759
3.5,0.007405317740572745
3.7,0.007405317740572678
3.93,0.007405317740572617
4,0.007405317740572596
4.16,0.0074053177405725085
4.39,0.009707017966351558
4.5,0.010913776158784748
4.62,0.012734804581117176
4.8500000000000005,0.014728877087936404
5,0.014729066076453202
5.08,0.014728957370250626
5.31,0.014728759419714415
5.5,0.01472875941971455
5.54,0.014728759419714578
5.78,0.01549306386801367
6,0.020050595674714525
6.01,0.020334790621769367
6.240000000000001,0.03305379293635412
6.47,0.05113671957857525
6.5,0.05396648701702586
6.7,0.07350132930636004
6.93,0.10770246090877182
7,0.1148613960047781
7.16,0.13060254051427214
7.39,0.1591038945089584
7.5,0.17394893964235975
7.62,0.19030934391061055
7.85,0.22881269673537757
8,0.25538526578392867
8.09,0.2723543614567791
8.32,0.342336732984074
8.5,0.3677059730085966
8.55,0.37534766130695296
8.78,0.4122058156193927
9,0.45638995288790074
9.01,0.45838249586793645
9.24,0.5037317948370224
9.47,0.5188662542043868
9.5,0.5217188924825207
9.700000000000001,0.5459734922044661
9.93,0.55484442526569
10,0.5621150561718599
10.16,0.5806510865239186
10.400000000000002,0.6040711483629415
10.5,0.6148256297273712
10.63,0.629777331984711
10.86,0.6550446557726115
11,0.6656514665692488
11.090000000000002,0.6730217064124513
11.32,0.6980754184965161
11.5,0.7193352251589015
11.55,0.7243265814400578
11.78,0.7433535860438826
12,0.778435486897494
12.01,0.7795604357566688
12.24,0.7993650295387779
12.47,0.8139296086818663
12.5,0.8157204131609181
12.71,0.8295740290478917
12.94,0.844742613865242
13,0.8484434913354559
13.17,0.8589293108343959
13.4,0.8705116707370022
13.5,0.875464469891535
13.63,0.881669116808911
13.86,0.8930455397387438
14,0.9021625198510802
14.09,0.9080234356375823
14.32,0.9204873716473034
14.5,0.9289225357348235
14.55,0.9309565314308625
14.78,0.9405279938602382
15,0.950159353996617
15.02,0.9507643046602106
15.25,0.9577212372915377
15.48,0.964678169922865
15.5,0.9652831205864586
15.71,0.9727957948219553
15.94,0.981675660671761
16,0.9839921474151885
16.17,0.9910154320598971
16.4,1.0005342188418302
16.5,1.002410525188964
16.63,1.0030689808494084
16.86,1.00369205812792
17,1.0033063018831176
17.09,1.001169614627058
17.33,0.993968482895537
17.5,0.9869219717062174
17.56,0.9860138633597042
17.79,0.9838295808192543
18,0.9775203475062357
18.02,0.9769181232360615
18.25,0.9694703722892809
18.48,0.9585486830679799
18.5,0.9575856288944983
18.71,0.9457914883001899
18.94,0.9145484328677522
19,0.9095631497269918
19.17,0.9002588105143327
19.400000000000002,0.8791896155253579
19.5,0.8678885190852871
19.64,0.8512814834131828
19.87,0.8278489918569288
20,0.8122062798096676
20.100000000000005,0.7978697290225701
20.33,0.7541531281279419
20.5,0.7202547109901669
20.56,0.7088252623302019
20.79,0.6568830261988441
21,0.6224041973192926
21.02,0.619188714391549
21.25,0.5822137638864426
21.480000000000004,0.5468195553080882
21.5,0.5433170841096279
21.71,0.5016486138295896
21.95,0.4349628776956486
22,0.41696528789097304
22.180000000000003,0.34473472781361875
22.41,0.2728760157400415
22.5,0.25125700598989276
22.64,0.22032561104484255
22.87,0.1719188869044074
23,0.14955056962455796
23.1,0.13504479774083972
23.33,0.1127063444868108
23.5,0.09743247381837433
23.56,0.09206579409919538
23.79,0.06898209296664241
24,0.04664262165325463
24.02,0.04480668683648788
24.260000000000005,0.02553675981442521
24.49,0.008135567488353295
24.5,0.0073806693786241245
24.72,2.1203963141012332E-5
24.95,-5.749878137033509E-6
25,-5.749878068193447E-6
25.18,-5.7498779066541E-6
25.410000000000004,-5.749877907033571E-6
25.5,-5.749877907189425E-6
25.64,-5.749877907223306E-6
25.87,-5.749877907263964E-6
26,-5.7498779072842924E-6
26.1,-5.749877907297845E-6
26.33,-5.749877907331726E-6
26.5,-5.7498779073113975E-6
26.57,-5.749877907297845E-6
26.8,-5.7498779072842924E-6
27,-5.749877907250411E-6
27.03,-5.749877907250411E-6
27.26,-5.749877907223306E-6
27.490000000000002,-5.749877907202977E-6
27.5,-5.749877907202977E-6
27.72,-5.749877907175872E-6
27.95,-5.749877907155543E-6
28,-5.749877907155543E-6
28.18,-5.749877907148767E-6
28.41,-5.749877907128438E-6
28.5,-5.749877907128438E-6
28.64,-5.749877907121662E-6
28.88,-5.749877907101333E-6
29,-5.749877907094557E-6
29.11,-5.749877907094557E-6
29.34,-5.749877907074228E-6
29.5,-5.749877907067452E-6
29.570000000000004,-5.749877907067452E-6
29.8,-5.749877907047123E-6
30,-5.749877907033571E-6
30.03,-5.749877907033571E-6
30.26,-5.749877907020018E-6
30.49,-5.749877907006466E-6
30.5,-5.749877907006466E-6
30.720000000000002,-5.749877906986137E-6
30.95,-5.7498779069793606E-6
31,-5.7498779069793606E-6
31.19,-5.749877906986137E-6
31.42,-5.749877907006466E-6
31.5,-5.749877907006466E-6
31.65,-5.749877907020018E-6
31.88,-5.749877907033571E-6
32,-5.749877907047123E-6
32.11,-5.749877907047123E-6
32.5,-5.749877907074228E-6
