% Model,Kolesnik_L_data.mph
% Version,COMSOL 6.4.0.429
% Date,"Sep 3 2026, 13:36"
% Dimension,2
% Nodes,720
% Expressions,1
% Description,Surface
% surf1x,surf1y,Value
4.107885761522988,1.5243231861336186,40.36941522784702
4.077295528800482,1.6032400685073225,40.319012037314664
4.050575174177062,1.5376979505541675,40.45988312062375
4.000837705701791,1.7876105321015618,40.193093365277804
3.907379996203077,1.979615765902769,40.07856209608302
3.8381392260724896,1.767852917699975,40.51129869023873
3.847014971345205,2.099316579922065,40.0010466009243
3.6540711528129624,2.0252073159545985,40.43579940727702
3.677355199457184,2.384616082389933,39.840224755298834
3.6030234989682355,2.490509486332085,39.78675721039188
3.6037276325614496,2.342907905882638,40.02360723914233
3.7505888468486166,2.260700033783811,39.90887164000381
4.21393629997649,1.2000788646510652,40.588010174401234
4.181253339298007,1.3078313310039191,40.51523476719222
4.099289761292866,1.2111155922254448,40.79664137361802
4.27517492367157,0.9569935272813178,40.77424700513203
4.344000899225314,0.5719363260644955,41.07111996040197
4.337884916808264,0.6115661367079588,41.04206711231697
4.305228036267196,0.5730839287599792,41.15315373561176
4.34954958800637,0.509238393795062,41.12422777971491
4.290353814993654,0.8793494451737307,40.83494015339819
4.37485339027042,0.24059286576811612,41.344140748613825
4.229234306143369,0.24383832599798383,41.649461373521625
3.819317375459772,1.4020182407329183,41.02644725376448
3.7811803662442043,1.1148415466699597,41.41972011748388
4.3800256836291105,-0.11103744272937308,41.67427293644195
4.378752878155765,-8.806885419799515E-4,41.58092739914691
4.311208818304597,-0.10138933750994256,41.82607287683427
3.6081635002239443,1.557699498758201,41.136674118817986
3.515621570206402,1.7914548760776832,40.96407555836106
3.2648039198910306,2.9250672738057215,39.54809083766892
3.2162610600002175,2.9763091485856643,39.525289317944896
3.215856920612713,2.8889607986520516,39.670077961442075
3.327217249316205,2.8492464767504604,39.582977827417
3.4811815674787656,2.6633934314469574,39.68531006969953
3.3567665410947334,2.572673667723621,40.01242682129876
3.389551437906378,2.0822806417831465,40.730625546132046
3.3013712691724564,2.3493959940972724,40.44484591369825
3.0558306072701127,2.5469272736021344,40.42534910622231
3.013913668205565,3.1826418688180755,39.40441375754864
2.8724886152070193,3.3094390290481424,39.34199479495595
2.8786655140684543,3.1311806963429847,39.63657286605126
2.754125984089744,3.4112575427326437,39.273206706316785
2.6159505665905414,3.2833025343218494,39.60818603924913
4.280365532837227,0.9365667762084997,40.78827662655569
3.9532075609541697,0.8117535164304339,41.508925643168176
3.972977769239037,0.433655918041999,41.8894436220176
3.9996302387392677,0.07190941931701406,42.23258592918114
3.521208612852824,1.2582312511053504,41.57978335956292
3.5608134146446577,0.8446395922292029,41.962929828732705
4.373661181959382,-0.20778415373308703,41.77278986135856
4.3592678304277355,-0.4412561088986709,42.002932057535965
4.184904411667337,-0.41885393034562124,42.383620217144156
3.976015905657707,-0.2207202747385889,42.57862997533197
3.4067500515135554,1.5466872250069799,41.39024807341761
3.01665292004436,2.1305535630609325,41.07089011301657
3.185497988440485,1.7513809453965854,41.3778744480604
2.4911964536015443,3.6081501176312676,39.139027615236344
2.4434327895392984,3.639673793537269,39.11562043163269
2.4520150151180236,3.5693546960474998,39.23183812730782
2.5616941770134174,3.5547450987399083,39.1712457048029
2.814665271724114,2.7855828090060797,40.279624273187245
2.7289910796105583,2.4202739183685735,40.906934115356286
2.566012852210407,3.0032189502292774,40.12187603920945
2.359660920616432,3.2537713210054484,39.83518670828796
2.194649168401518,3.795976514470497,38.97456105102465
2.157762916757821,3.7748499330594782,39.02962397818559
2.1395419440941423,3.8268697168448105,38.943034391433
3.655707158255488,0.5316229728615446,42.19345401538172
3.7595746155769634,0.23858433945703078,42.393922189586355
3.6858647814736933,-0.052109505026638636,42.816952667843
3.266037146383703,0.9374084244513179,42.105710447318586
3.1367697455667947,1.3411525244450577,41.81912533416966
3.3446025102410366,0.5631937612576909,42.43265520762785
4.308633923326441,-0.7955528751333685,42.40772423183712
4.330377169440761,-0.6501673470104876,42.253465832869594
4.229167413464026,-0.7488484537390867,42.57290275536304
3.6288480067900046,-0.3824589646960397,43.291877715570315
3.939458196047372,-0.5787499252768854,43.01161057290347
3.60158699126149,-0.691157965653058,43.712907784257794
2.3165469388794557,2.9975523103562316,40.28547996930398
2.838977476632139,1.7181048846158902,41.642913314571814
2.576693951015372,2.0509751681939226,41.4330006200276
2.0467993500604615,3.4490416117615013,39.65379547280559
2.151566265674842,3.1371519961917773,40.137227783734154
2.4317586402828475,2.7089568470006204,40.671931314822835
2.41001745626738,2.3831151165075886,41.12315276494413
1.9709249354217242,3.917333306016318,38.84010430795689
1.862784046044005,3.7937737068203163,39.098469139919295
1.767166264645669,4.01120469680604,38.7056010621361
1.7705242642986008,3.4851917214838757,39.67983111529316
1.6048492083361356,3.688784920487409,39.34721526048903
3.4162685006000824,0.21462948309137098,42.7822666819846
3.3396601148194547,-0.20558356266401268,43.42396130078651
3.081936590169041,0.6606311113220672,42.48056432818161
2.6939121200346663,1.2907639107712368,42.02417741911878
2.909057216522804,0.9431865645770452,42.26283193841352
3.0767740465871887,0.3462051038306889,42.86755306721324
4.219561552027226,-1.1819367645138374,42.89953896301094
4.232819658665084,-1.1261889699320058,42.835733999809236
4.176769639605722,-1.1731053245045433,43.00979742362154
4.20236656940531,-1.2363944001414622,42.973549427243796
3.882166460019617,-0.9221518978320824,43.459096221805446
3.298942863122842,-0.5661636165788719,44.01086103445251
3.3633054201520647,-0.8479380096411003,44.31295168126347
3.5663038383834955,-1.0466900054696726,44.196419427382985
2.1113800459829437,2.867230620994649,40.573577498809584
2.462983656810312,1.6667723001199442,41.781726084358574
2.244304831936933,1.9013069876744906,41.61921574011415
2.2131619608983186,2.187701910348428,41.38033231245785
2.1531897742325143,2.519518064276656,41.03077842674347
1.8477791027964643,3.135269268473909,40.242070216912076
1.6503720167859512,4.063311934961613,38.62823419374949
1.5544264250586124,3.894117611363546,38.96440053867479
1.335984598373633,4.1776650195055485,38.401627893462525
1.2493508504390598,4.202751783417565,38.33180685058494
1.3028219846978175,4.101045717564964,38.552727363765605
1.4784418330605131,4.125390785322656,38.50459158235918
1.313317512172585,3.7439708233106113,39.267691632207686
1.4424577549153905,3.382858161210561,39.91038839568051
3.0764628195202692,-0.023462495023139584,43.422156953975836
3.0171985684670175,-0.4280576316724092,44.19488463418951
2.3134425508947922,1.2457772593910446,42.06462772261809
2.788280697977647,0.5732811077174983,42.70976490099505
2.5322028622590005,0.878443956894757,42.40298553610149
2.7353863942961305,0.1805702907483185,43.37126663509981
4.086954322199041,-1.5794442277467526,43.46517564609921
4.03554252439573,-1.7059554175023008,43.6516662913996
3.9678707783871134,-1.596701078219998,43.79659448722726
3.7575855791294437,-1.299221831829935,44.06756547307884
3.853615450657423,-2.0849404680057186,44.28590252088634
3.929104815181205,-1.9390547886463296,44.048996414170475
3.793304259005198,-1.9579426954226091,44.43943910539112
3.3899871845138456,-1.3771558328912605,44.92880102794968
3.2851298620888056,-1.0881518802642867,44.78473566252108
3.0155358573120408,-0.8728308214541817,44.98150069547137
1.801912886936739,2.7136415545849504,40.84294676451962
1.944087061823503,1.976493043201809,41.53385570412123
2.0881993051675245,1.608947033182872,41.786547608473875
1.8966245944900715,2.3454995183293694,41.23870591877802
1.5134310771439128,2.8809880478942067,40.64561931237236
0.8545464985838918,4.301786197092018,38.024752545757025
0.9797620715224384,4.274976396233987,38.1275792936284
0.8952083385214635,4.177626797660418,38.31129131446962
1.0693070270417366,3.4559358124099706,39.78898984039227
1.002774638098899,3.847974111754575,39.040418012997385
0.6420234230547285,4.339052879366296,37.8577430756481
0.5519211647920222,4.351587960071891,37.78302529676469
0.5877341663705781,4.270470883467681,37.984982788593136
0.2583130842744251,4.379399694997061,37.55819255442288
0.31457490621349055,4.375035632859953,37.598798226002806
0.2686295976402968,4.3363098482953495,37.66026207090359
0.04177321667041979,4.385905920349072,37.39421773092803
1.113391595448294,3.0642743567045803,40.388240300048174
0.8067831802155498,3.2836006784797673,40.03004429928319
2.690841308327126,-0.24621839296573975,44.310365379959016
2.707073098454013,-0.6105118398887601,45.08739933173326
1.9014302078231267,1.249553707924235,41.95430489589746
2.08527797633528,0.8141391583510512,42.51364471604894
2.373038220354084,0.4354794387874823,43.12936494517948
2.4004234791349495,-0.03258899064681761,44.21842508514806
3.7443196984081233,-2.277289907916969,44.65468848685804
3.613767034633608,-2.2599571897290955,45.042243684355405
3.615751948663506,-2.4752490623156786,45.04422394228839
3.588191339256694,-1.6754022793481724,44.77555401784863
3.419861681810492,-2.0391716401402498,45.467243080049606
3.1950529107123358,-1.7507688273822726,45.79068479290104
3.0151483066992553,-1.32827390656241,45.69634288808548
2.6426285220582195,-0.9145178188819526,45.87015142668965
2.7390607000633183,-1.158730730000293,46.093576156953645
1.5742911488090714,2.5238386142760603,41.04112370158876
1.2897646926991477,2.665865319247342,40.860527826888024
1.59537902677304,2.0848698695766754,41.36611629073783
1.672004757187473,1.64046251332881,41.60367135126864
0.6290233396651647,3.8976251231272845,38.84356615997894
0.6973040566226654,3.5649509637556873,39.53281635866452
0.3227753223370893,4.0374238178002395,38.39602143101266
-0.001431706407726832,4.387336750076955,37.362833192425946
0.07730005429669284,4.16133303154172,37.95752246680408
-0.010525925546408844,4.387241899825193,37.35661849699098
-0.17223781075133648,4.153665646899953,37.79907380916112
-0.26235269965478936,4.379507855673235,37.19125349026217
1.5451676842370698,1.2669213444184309,41.714234081176215
2.008990378575141,0.4396371989097605,43.33320856889669
1.6424078398617776,0.9148864829677616,42.28863108508224
0.9517741169355186,2.718908181652824,40.72515732385045
0.005913286714899435,3.9023301305328566,38.51553602066366
0.4868799081863886,3.2794643381955586,39.93766368411831
0.6700426733935787,2.938834243841402,40.426795234522324
2.4547440135237917,-0.8091625405134191,46.11619624600562
2.3345305076617646,-0.5061458689153188,45.65123614043507
1.7919909637808038,0.5828107237629054,43.05987548672021
2.0276148397133036,-0.3009346808504501,45.77071865354606
2.0828042674426794,0.11648914308803715,44.232187356565895
3.2669266499720084,-2.4456255991924816,46.08278337747144
3.5707048909850254,-2.5420755895876654,45.1809340545581
3.3508664063499056,-2.8262104154373238,45.77857486006239
3.348542281022351,-2.828977569975668,45.78354227152043
3.3473791942276514,-2.8256856817501874,45.79044036991532
3.364170863660137,-2.808897351699068,45.74392760207481
3.0314897116177635,-2.1317015884619597,46.585988360353205
2.8392370080090323,-1.7922128597523468,46.777040608180045
3.3046263783920238,-2.876370307767786,45.8858565910325
2.615548838189423,-1.4967864377554025,47.00020079628525
2.397476493861521,-1.1336667505966926,46.98950679815672
1.2811051449953823,1.4867821502275997,41.35606183194823
1.271329816968353,2.2868068192838127,41.12718307662676
1.0217817497694737,2.483681081892987,40.91433540898744
1.2840023418694966,1.8845244858924588,41.267866155403006
0.2981140550589319,3.629327969276139,39.2596960125226
0.1620822672652169,3.317323233105374,39.720620659575175
-0.5510634812332759,4.352962281952772,37.02324329630528
-0.394723338572995,4.367541870606657,37.110289965355925
-0.5608169738962552,4.24826548269244,37.25497634126989
-0.6474841305922711,4.338963412420357,36.974028621480244
-0.3755222787863375,3.8894621909487217,38.25334182500072
-0.7168628133866932,3.8824132456247384,37.95928279505771
-0.9564254926654174,4.282509933326803,36.828127724861
-0.8956455270406233,4.294478587343599,36.851967717251554
-0.9443100048105562,4.227612752034412,36.95846532637858
-1.0251255500744287,4.2650990203406,36.80269268946696
-1.3456688918961324,4.176035400336589,36.6946287928487
-1.2558946682743544,4.204377031164499,36.71822379396169
-1.263006286978165,4.108851356104125,36.916780906173585
1.2568894052801005,1.09222099715404,41.81832177768235
0.9638968544205093,1.2559076710021522,41.338691592729504
1.7138946155845167,0.2780979890546687,44.13507359965266
1.4535079107733153,0.5228865057885506,43.318103376332026
1.2517203399007044,0.7801006249320735,42.423055989276705
0.6723484348256192,2.517537827311236,40.72031648091777
-0.12424125705093057,3.5180654494097223,39.20308831794518
0.2188823707049622,2.9874301201966684,40.153989359774016
-0.05635586416597527,3.1864725809820724,39.751475258214604
0.3623183487906417,2.6263973832913194,40.48209727549908
2.146792667669764,-0.8717927772836024,47.16686662280585
2.0081301869088106,-0.5965836487304698,46.8186187760173
1.762619414345765,-0.4870579851156181,47.25510739817893
1.6509891073933165,-0.14301606613932666,46.09332158595206
3.0795685728384226,-3.119981583834924,46.40554586643726
2.975312189120383,-2.8024049119881282,46.96914696974213
2.838630113348942,-2.4734832132111744,47.379325532178434
3.06772085289437,-3.131634372654933,46.43726385845381
2.7847488291780733,-3.0492075329371815,47.43910468580888
3.0395311116936576,-3.157245692629888,46.49677554784162
2.7827465778505385,-3.273244738423053,47.17861014014268
2.6651614437525555,-2.2031585598793386,47.75292540913315
2.451326908487738,-1.898314904741613,48.113909230752036
2.499118377413604,-3.1773631086837355,48.247908010947164
2.831917223161966,-3.347063966205579,46.88649172095971
2.6474315952441194,-3.493344872292083,47.21785107330874
2.57083681199617,-3.4877171970641094,47.47531448862342
2.5695133449257908,-3.5521663132373913,47.32011976775549
2.2145529959186536,-1.5568058966715244,48.40028413933064
1.9826860901680787,-1.2203038426424033,48.57465878551607
0.9548066003587403,1.6656653288975671,40.99683257936676
0.6545720032073175,1.4376813915838438,40.82439729842367
0.8899659279386746,2.131443295006235,40.938490809369874
-1.5384739007075385,4.1092936426811235,36.63957258685684
-1.553938540413829,4.024459383680845,36.799884849889516
-1.6257261130004008,4.07545970547131,36.622201279782864
-1.799082455717375,4.002530222281799,36.58498656582451
-1.7959581506309659,3.9348093472204035,36.72361838792181
-0.5498903851249716,3.544247938355558,38.79583109300222
-0.8842579349320339,3.548045344571464,38.46025350327304
-1.0669609016310964,3.86929063890179,37.63844309631883
-1.3444689160223067,3.8618112718107547,37.36368422093203
-1.6027017275478597,3.703050507583946,37.403257265682065
0.6964627045012339,1.135117851738632,41.05901708896416
0.9217754613327767,0.8892675016312366,41.75909109694384
1.3263081619925832,0.15368730127415509,45.06303226320416
1.0326538306703927,0.4540552436318528,43.36065996020465
0.4279368429566308,2.240033290603413,40.55137662641246
0.03418945746223093,2.666901577897525,40.21833054232666
-0.7307450546399721,3.2273587944991515,39.10369616653731
-0.37803006373449016,3.2112890870060213,39.45695386467671
-0.18731781541957127,2.88648398127176,39.92960381223475
0.5763426752782,1.8382452487639955,40.56576019487107
0.08217612657239229,2.3380859591299448,40.25114287283935
1.706675905576942,-0.8642235231398459,48.74738494147732
1.3889206339207756,-0.5280268751258018,48.78983166919286
0.4367074665656089,1.1869757190715748,40.52710108647032
1.2052620491399304,-0.2650660931289658,47.96820267725219
2.5849076755177753,-2.802794675232685,48.247428353148095
2.5346614072225657,-2.460387981209177,48.37361453531603
2.3033657657604816,-2.2474978652000255,49.04349660004623
2.0340166584997843,-1.9772686211872712,49.75351095616089
1.9922162439998379,-2.325684672083281,50.31870196892212
2.391460252166474,-3.6751984300287983,47.58581854979827
2.3300386978829177,-3.6305486882016345,47.892917491672335
2.2684858299215573,-3.3841683126228115,48.67329817865028
2.1996300576128816,-3.054729285740869,49.44226939500718
2.2718374291589636,-3.7496300019000275,47.724712315696706
1.5311701951342511,-1.2084307648029833,50.39088771132999
1.8088203282139212,-1.617106300005913,50.06396779735831
0.3207495652931671,1.543089110324927,40.30761408206222
-1.8887009846892475,3.96016538245338,36.56949140767702
-2.0154832364021225,3.898386865818848,36.54919320985702
-1.9603053260564283,3.722804837616412,36.957750856512405
-2.190309449150806,3.801883414418746,36.526154694185365
-2.25576032642405,3.764574876010911,36.51826397143493
-2.2016053195167813,3.555804307697207,36.98525460656074
-1.8652110822843795,3.395044488801869,37.677717010226296
-1.265205574872447,3.595284009408091,37.975337745537225
-1.0733342017044432,3.3111471748135632,38.64547359783621
-0.9743699118521428,3.0506020049920615,39.0603511014029
-1.4693121926070418,3.3577793103743914,38.16491088589381
0.5461225208775599,0.8742664003618268,40.94462589707634
0.6791891884522862,0.6177695185028252,41.90953142684382
0.9074921214824667,0.028882767032068466,46.39345465849013
0.6433155186906137,0.29153228824965177,43.816735242968626
-1.2794318241125853,3.028655075469321,38.79150323664286
0.21095841619765096,1.9446020185553428,40.137362739936556
-0.33530244758848704,2.5009080426660715,39.89136917851295
-0.6414503111511733,2.853457814757695,39.53174448752543
0.110026253328459,1.258267923473346,39.825953871890725
-0.24613583769392136,2.057286494915081,39.685410784315245
-0.04258428611137463,1.6273692552165013,39.7416363076748
1.1470668054960587,-0.9316922094298716,51.54825228939308
0.9408170085317864,-0.6475827630490607,51.34637373382764
0.27813344471057,0.9157268408917234,40.0847328276378
0.7765251076850821,-0.366529519053988,50.31915920028546
2.1810242102433524,-2.655598982010835,49.72151264843675
1.6433559217826743,-1.932978621117251,51.305503164258106
1.6897523881539098,-2.2247802201017817,51.488483344052106
1.7450177245705414,-2.5743663484959263,51.46566822724943
1.9919570385533363,-3.6599027135870292,48.84835147051531
2.1863499095717707,-3.80115207779522,47.837640226876594
1.7432638473229265,-2.927562467774519,51.31239835740275
1.884702448570821,-3.3142538201458964,50.134708159156226
1.9802395632322347,-3.9125967808477538,48.03873262324715
1.1753495032315138,-1.291575475589263,52.35660590569267
0.962388867053242,-1.0749405870854531,52.96635486313754
1.3601816303236052,-1.6714021889531687,52.09425367127273
-0.5234796079956708,2.2557924673059446,39.608462289349234
-2.4337951563401865,3.6520023571525293,36.50017057066052
-2.196489102043733,3.270733054850684,37.5146146152184
-2.458799751485604,3.635529573857429,36.49873788272135
-2.409014234736427,3.430607752721904,36.951704894767175
-1.6461850173380066,3.1065101243044833,38.35433717639389
-1.963451044236065,3.093941157786515,38.06330318459381
-1.0637425556977567,2.743368290971391,39.20331391442539
-2.681628187457569,3.474658998532852,36.48467789541382
-2.614821933965768,3.5226738447221564,36.48878402446922
-2.6793128101774233,3.460819614873974,36.51305718998075
-2.6925044624178227,3.466207452407014,36.48383812140498
-0.15307997806108498,1.1348004144338648,39.10809514794143
0.0019116713075248148,0.9400275646598356,39.19480568612219
0.3670136852191123,0.5617131320558532,40.92861973454501
0.09371107658759736,0.6980498678102885,39.310553571731845
0.4916398025193539,-0.12042291168181282,48.946156053559555
0.2725649307628406,0.14083232314037095,44.385885441212686
-1.4761734884709008,2.7633810925237876,38.86811962172812
-0.7932140935160813,2.4433416019056247,39.467135906840326
-0.7004014084017219,2.0197169854796013,39.2503720587276
-0.19702763655996888,1.35980515926347,39.2994949878782
-0.4855012725484046,1.6154551261550303,39.10870479031144
0.7882441524556928,-0.8745887097114508,53.1804809118999
0.6667666016255255,-0.7255570820585444,53.15079023451563
0.7644482484279428,-1.040238588218061,53.92734277650317
0.5286203882622039,-0.4414795936593927,52.1289673436922
0.32688107633013347,-0.3250031677153165,52.328813608199106
1.3403895409008428,-2.0943879387032602,52.86224908679122
1.3738980348980512,-2.3912583301341575,52.98771795755048
1.439227807160371,-2.7337171321912677,52.701936256684
1.377706722826665,-2.989520299278427,52.65050161166439
1.896137615748438,-3.953118739247471,48.13770519098581
1.6245008934007363,-3.857156742458023,49.213432050926436
1.5847139090867617,-3.5387523477878786,50.50434259714913
1.6690592563020767,-4.056130042226686,48.326656554853834
1.4911712320049886,-3.227929233299636,51.73419725172695
0.8113941482554143,-1.322128579632255,54.401133308792915
0.9881628858832551,-1.578364222130496,53.76835491125708
0.9929542306662273,-1.8858410320003847,54.09826530032735
-1.274412271701444,2.4032641790228872,39.15219828610493
-2.5215514293674373,3.203048535762959,37.220825776661975
-2.2544535465874245,2.896441175167789,38.072300109621786
-1.8892898948606327,2.8207359517947017,38.503027788420106
-2.8844849370082573,3.30839717425245,36.48383111013184
-2.8664394682471532,3.2607474746070557,36.59630871428711
-2.9276705587346576,3.269748678991176,36.47927446302762
-0.47377521561377156,1.1678021639298382,38.680112765378475
-0.2508019187319129,0.9336779933356593,38.55419357612245
-0.1794475116909927,0.673310443545397,38.199429308225056
0.02142943842240901,0.3559684164904386,38.96282207357539
0.17203247437048222,-0.1560654942225201,51.50771922636161
-9.705378195552472E-4,0.0025425811538239166,45.968700810655946
-1.7233697227378197,2.4782554255310973,38.9273122878844
-0.963787704935692,1.713254964726864,38.81576766436941
-1.1096638550778382,2.0783038165339067,39.134319526615116
-0.7985805899659516,1.3468235711525351,38.701276503913355
0.3916444555942375,-0.811586218440086,55.155056833186144
0.48577077846737726,-0.9717504764536417,55.24036247663334
0.5102926913746901,-1.311222568855537,56.03184228633945
0.22044030829057845,-0.6128697071924673,55.32213425442007
0.09963926795454568,-0.40583236550128227,55.19078903183161
1.134436253481482,-3.166024500742445,53.12654786347847
1.0029875278734683,-2.283129738670225,54.49261587955112
1.156351065132831,-2.5881703246030074,53.92110026372509
1.063406402678833,-2.853335177149079,54.03786685660476
1.168103607537336,-3.447905780938416,52.10490954308809
1.3745037538140212,-4.165707471419086,48.5499984128092
1.5206350013881371,-4.1121715164654296,48.441994518031464
1.3628125895988408,-4.05813927134454,49.01331179790976
1.2542658121423094,-3.7541463745378225,50.61659330543852
1.136735633956272,-4.23696909441082,48.67599571920539
1.1215265696216097,-4.229836198968659,48.73217050147275
1.1221028903267953,-4.241203402772429,48.68510153264651
0.663342513816374,-1.6872138015967644,55.528017126139375
0.7282340922754921,-2.017212706298626,55.371454537383684
-1.5662622963002901,2.096743803555707,39.10352939587713
-2.119883395291211,2.55672428695422,38.65311396327269
-2.69081793523505,2.9170207406828554,37.50919373614388
-2.506834445653894,2.617395201512115,38.2549606259012
-3.09579691429653,3.1113184497159927,36.494906970986435
-3.069916264274532,3.0038926592421773,36.73503358428297
-3.1722012612090165,3.033546543040597,36.49888701289166
-2.8796964594734265,2.6707235053190894,37.68856411537566
-2.704210569130142,2.382194510682343,38.43215569997301
-0.7683701765274115,1.0397317729344062,38.534593204209045
-0.5316089963322957,0.7672205135591855,38.17025374628792
-0.4054887852473572,0.39416083540770036,38.39151408186603
-0.23263420315612776,0.1045933324112215,41.24912295572082
-0.17241640926162835,-0.25658052837453676,56.11654266842282
0.5868441580899479,-2.288951863434219,56.04412936427394
0.30418086252626175,-1.9576560815268,56.80597072621468
0.8435239364939031,-3.299905879909167,53.56049001854412
-1.9734694411812324,2.2319905021688027,39.02676666963111
-2.356730980180599,2.3187561443155635,38.80582283786119
-1.127464324607057,1.4087072824594695,38.75601462616899
-1.4112204464510458,1.6943498207513685,38.98537296543528
-1.0706212995593132,1.0942083309134607,38.80449897929535
0.1914569858858412,-0.9413035592120191,56.83616993364877
0.1950621872858917,-1.2138057009883725,57.44891086372049
0.16758775654143998,-1.600002451272189,57.71781250678019
-0.10320885222826053,-0.6515431787826297,57.61135040744772
0.7797018261090536,-2.9948118447549663,54.67809744532881
0.7757218341015526,-2.6017099419779757,55.32935347995937
0.8486620015730494,-3.636904067377265,52.1221467276098
1.0091622112077223,-3.966574818142725,50.18356598963228
0.6379867895201046,-3.899780958639043,51.17687092320767
1.1018439808186904,-4.245900470754093,48.6947530217329
0.7651407592355217,-4.166975624050476,49.60415620759242
0.8372215492778177,-4.306838836459749,48.87082462938658
0.6361336145361121,-4.340599754708024,48.955667528484966
0.4398701409794189,-2.501534937184758,56.398671847135134
0.5874917374015333,-3.431682587664425,53.59364461451828
-1.804753971395783,1.8516396317666812,39.2047804719195
-2.580256652879928,2.1255353585588717,38.934439193138324
-3.332530272689793,2.856244985591143,36.54379770295101
-3.283927567371828,2.7178917982580892,36.886484563121265
-2.823311448710832,2.1072806935068034,38.76364074679199
-3.4357298497120174,2.7313343614617347,36.55994020617007
-3.5639247157560128,2.5626684672193285,36.63104758481052
-3.498416778942789,2.4263277301186017,37.02349474396026
-3.0973346863969926,2.321598854521519,38.0092263545455
-0.928229457585325,0.7594666437173799,38.94553766665516
-0.7214439334356267,0.4248456421557114,39.60925979195439
-0.5808248208739885,-0.003938541508185067,45.825380205778735
-0.06990688270352782,-1.8689698953367055,57.82161717048407
-0.6633762285305806,-0.3473931034998322,52.54669501108528
-0.4632762333898591,-0.6382820802651725,57.20393436224365
-0.09247683269663633,-1.4120724312296506,58.504378939511774
0.24904607064704848,-2.305124594527757,56.95197542661281
0.041458027969922255,-2.115365883847903,57.38142019040849
0.1983557956541211,-2.5319531648033533,56.8580348111537
0.509479610807899,-3.1710528077575844,54.78894138397197
-2.286774017823501,1.9287451785627197,39.26543556303185
-1.4397886475665673,1.2414352313255892,39.02935119431766
-1.7273069685301297,1.5015603055855282,39.246679561226244
-2.0849364028471147,1.5254646830761913,39.5382580268952
-1.2814935745593685,0.8557141771996867,39.42347183600446
-0.19941016927556665,-1.656977171313853,58.35048787638156
-0.20125333027612924,-1.0417593342492206,58.5330843309528
0.38625722158164,-2.793361350130843,56.097064585661265
0.4642534363639851,-3.6623391113164785,52.67345900711805
0.32435730744651714,-3.8478244647282707,51.83657134844394
0.5402098689713442,-4.354018385820125,49.00814090044114
0.35016057125852657,-4.140753710496564,50.220662379866845
0.24777090405544,-4.381185467591881,49.14679418135362
0.27148769335531975,-3.4156558640744175,54.116046683484065
-2.6959065738305488,1.823355930886932,39.29610680444517
-3.0860708942259527,1.8801380039474787,38.851856001429326
-3.427141958716365,2.091049447613913,37.85934514455639
-3.6471119439675053,2.44330363970134,36.67218532881827
-3.7572775869398556,2.270792231074967,36.770089356821245
-3.7211553971370557,2.19339564346479,36.997229301615526
-3.4323099431822013,1.7637857061009177,38.514010446037
-1.1189803610610969,0.4823057103039453,40.48775146305599
-0.955600037164993,0.19468456633822637,42.58831065880639
-0.9830138202809474,-0.11734156184573456,46.85847214512493
-0.18879813886793156,-2.0433474718191382,57.62152720896486
-0.39030638289982184,-1.8017949942636553,57.978324943284385
-1.0163902039560473,-0.4009910880724208,50.56258145268684
-0.8605805266882594,-0.6874414795819281,54.65506378753884
-0.6522425277038124,-1.0254571376907797,57.62492261089765
-0.46852020449721155,-1.4566875481982695,58.42620281839378
-0.13438283949594398,-2.3497480080669177,57.37575156547518
-0.008472326588329998,-2.715402580213363,56.74876719710887
0.04685012306628839,-3.063368434459557,55.72985723669022
-2.8704999525589625,1.554015630557829,39.59600487670564
-2.493754726016379,1.5573361389219371,39.67684656443799
-1.6090884453335619,0.9060846232287131,39.734175024302615
-1.8839651911501314,1.1663380040644789,39.65417746988013
-2.2676451926621426,1.2479106494125105,39.937921666798424
-2.662711768602644,1.2743159997526847,40.05199397025624
-1.5500813208582627,0.5256160641823664,40.956249327014454
0.12136331048514981,-3.6421030948678297,53.08998746411293
0.039634435674862745,-3.944906309027058,51.467393573945344
0.15125935276650435,-4.384594572686255,49.17402296116199
-0.05730717015268627,-4.199369144445158,50.12969495101999
-0.13275043927326569,-4.38714090847758,49.292045794435744
-0.12195092230590876,-3.3867428721497244,54.40315242037803
-0.23667235766487138,-3.6697458296943615,52.94542008740914
-3.24711981076483,1.5379081153448027,39.25298328769555
-3.7622420979230524,1.8307965495685004,37.65471012062675
-3.8186374978186843,2.165331532630965,36.82887996133554
-3.9071701250913096,2.002926446028903,36.96031916465863
-3.574313359263704,1.5351406596578556,38.69406260695115
-3.3695540112773052,1.255371078859149,39.594868353813645
-3.849168787598259,1.5386870280728866,38.06520269619283
-1.3123696953785078,0.10882331769321206,43.63499388143628
-1.724656526830161,0.19591701566967912,42.79454380919193
-1.2940257267473372,-0.28811213507050415,47.75005583556668
-0.5427565498032558,-2.164771075177489,57.28361417368883
-0.7194516282874197,-1.7747537312238564,57.26347175837828
-1.2937372462998171,-0.7033588105340599,51.540934261419
-1.0803143167689355,-1.0480184199815819,54.99271018473559
-0.8820403827945374,-1.4081552717958326,56.882634100569454
-0.3682114336410308,-2.5526464109657265,56.98657411948265
-0.2699451957498286,-2.859070052200003,56.3478869475372
-0.37053069484849854,-3.119298073685227,55.38242926139833
-2.996089530594995,1.2817982214286816,39.94072337127779
-2.153567349011785,0.9394476019337399,40.286040402641696
-1.883915769316157,0.7564649014165179,40.38574235833524
-2.8480259879020564,1.048977784210766,40.369400910418925
-2.5231525653541875,0.909735929800557,40.5712025578892
-1.9335525912874358,0.4360326156307127,41.51158296540569
-0.34919112140660236,-3.957799233273977,51.36038101812533
-0.2503527656489991,-4.380173775647125,49.312589692954475
-0.44605477851897346,-4.210745094706997,50.04532719431371
-0.5103135041970772,-4.360111958809817,49.40584827691302
-0.5124760759264209,-3.4138850078833975,53.965200143996526
-0.614695177610839,-3.6639261694296477,52.63839469925717
-2.010401241608126,0.07980298733881638,43.16928871964553
-3.150123502195605,0.9964434944616553,40.29755451194725
-4.022507520549456,1.758165296350999,37.1686105655089
-4.058485294094559,1.6772502632449584,37.252992759598285
-3.4877864456709924,1.0058716116797624,39.8789920712211
-3.7045907190465686,1.2710888472910564,38.959121416865635
-4.108281466410575,1.5398240216053052,37.42023884812693
-4.074030317005982,1.2884541784960422,38.03696292059707
-0.7306239146498257,-2.467062426371754,56.48777958572689
-1.6921892402316157,-0.18594458521775115,45.47445275610216
-1.6315592571725916,-0.5295750618616406,48.26739581694019
-1.6210963306459114,-0.799484649569375,50.070128363001075
-0.9142845435366233,-2.1221345509640677,56.352149383807124
-1.1054293548296443,-1.7543891479594382,55.695247315797836
-1.4555823477103382,-1.0350834983921868,52.31680854638646
-1.2953372063142583,-1.3682755298798854,54.35678813943775
-0.6256258759852065,-2.829959712378422,55.9341397347664
-0.6753037404387432,-3.165451724114373,54.731926243509086
-0.9613340611382544,-2.653938396492113,55.464096544403716
-2.2379644882401926,0.6455081977568918,40.98524139432595
-2.2899644286261456,0.29693279939278217,42.05732073296412
-2.880304867838094,0.7381508997302456,40.8867647701776
-2.597259450535287,0.5107355653532761,41.39521638748724
-2.0986041559487183,-0.2062657253907275,44.53640317443479
-0.7400670737962542,-3.961584949249723,51.03385761687145
-0.8559713490216105,-4.306369700824054,49.46485270696032
-0.7001201393656158,-4.331118582654051,49.41324739217762
-0.842199826358965,-4.209519437665188,49.82166770065202
-0.9271555732260208,-3.7415743403489246,51.7973432408084
-0.9381042493242673,-3.4178810036973726,53.16702085468955
-2.3366640914842143,-0.03573776080727237,43.30114166307632
-3.6277598707556153,0.7785400019248125,40.07947681608256
-3.3005233827458613,0.6845882947189316,40.70685195733487
-4.18027223238626,1.3466473445972185,37.6499612301392
-3.8144646758772818,1.0063939409363525,39.2616726291137
-4.098108780987033,0.9354955048459814,38.73388087156492
-4.228451210984873,1.1763545014716112,37.88015984964831
-4.277779897490162,0.9960311123382596,38.14081280696932
-1.1052021723254928,-2.3720871904619276,55.401584090263604
-1.976972783886867,-0.4944862732606151,46.51335718127108
-1.834624583081253,-0.746200151291377,48.57198889829655
-1.8229031874844759,-1.0278272026354336,49.97637165133481
-1.3059672115664547,-2.0531604515783193,54.7526709847732
-1.4950080720700032,-1.7166790070898807,53.648862516892
-1.7313610882705242,-1.3517474205305513,51.61378612988425
-1.0303162454173223,-3.007125145266347,54.365795600711344
-1.2975015136308659,-2.6781041222535213,54.195491922146694
-2.9773909824530995,0.39262574054130434,41.52320623947882
-2.6356977449176204,0.17258989426763005,42.27694167374566
-2.3742821741127518,-0.4283474194007059,44.88784265982984
-1.1507754163429966,-4.005460728265651,50.315484299107204
-1.0225173255452265,-4.268783251893907,49.44376795364972
-1.1087883675110097,-4.248432390534188,49.44480863363726
-1.3591700037735508,-3.2961823227280456,52.47872778207152
-1.5261774521019222,-2.9680400144812378,52.758539852378455
-1.2775956382687943,-3.6329996555382973,51.54144999200373
-2.6690985314073488,-0.16145316118234965,43.278745906887394
-3.901864139522454,0.6914182136806988,39.71104928616592
-3.623428749361525,0.48158161629792773,40.65429714264952
-2.9832022953917297,0.03936107014174034,42.32514603257783
-3.3131898943420075,0.25628281843112966,41.50729300172498
-4.314292405128331,0.8079152126217887,38.44989115109532
-4.2533471882374,0.66456617676645,38.91431968415777
-4.337177023441421,0.694446210604425,38.63574977335895
-1.4967053247891386,-2.3732439466006032,53.70887954485722
-2.1727228407338597,-0.8305832935182842,47.350009658276406
-2.1028123768130405,-1.1940176173949966,49.05499507416162
-2.0872676661832896,-1.4888003169943334,49.948116364534876
-1.695183351991628,-2.029892327842422,52.785727811094766
-1.8758603046797075,-1.7243105958621772,51.53546857334229
-2.733617928171786,-0.4605752881348357,44.13387733239717
-1.7210451146010672,-2.67913682704649,52.430426394866736
-2.6082105043070056,-0.7309999337855022,45.35882615819105
-1.6885642818031992,-3.1928280332137624,51.69985410953133
-1.6320385574299867,-3.8883565702511076,49.913001954498036
-1.6643763677772387,-3.4952685371285623,51.01332078763469
-1.519666586148579,-4.1181525341312515,49.36858213816634
-1.3783181273693939,-4.168164243425047,49.43754445961928
-1.734047534103259,-4.034843559419748,49.30926173953574
-1.902417350156706,-2.9568443913921585,51.362518123040566
-1.9474087101405906,-3.935413980844112,49.170613237937786
-2.993173041415835,-0.2864932381249101,43.14626469367551
-3.967903554632099,0.35276637501924935,40.249240117671214
-3.6504637629857823,0.13705287252539836,41.2748659761748
-3.3311099171071095,-0.09991468288964156,42.222359235932
-4.226518134330616,0.20951716576257254,39.933260320649886
-4.34944149339502,0.6045016982432411,38.79070500570978
-4.379283969569007,0.32584030728863284,39.29481094651382
-1.8968951887674106,-2.365661475903486,51.82698962283916
-2.4859507639628737,-1.0809901691834876,46.936548749162775
-2.3856936691977166,-1.395023347850489,48.24955158746534
-2.2559287161131714,-1.76628738980566,49.62710927104998
-2.1027909796566298,-2.034801697710758,50.70917136539821
-2.962247941017698,-0.6639738121405541,44.227338166291275
-2.1496693456842477,-2.6340385178473547,50.65563715491452
-2.904202924994846,-1.0002650942564595,45.28009533159479
-2.0468755768144256,-3.2886337506526333,50.359061072070396
-1.9923998194240582,-3.91398075021888,49.13298709315486
-1.9951155340997448,-3.662727405561547,49.73712299052841
-2.288181187192672,-3.0056667824710726,49.93215527372711
-2.2150799861436385,-3.792968321189257,48.94209757078451
-2.1466331963813996,-3.830069182055328,48.99888088567046
-2.2109447882855866,-3.78345437245183,48.97119099833675
-3.3445919403462345,-0.46546166956683677,43.00032012376158
-3.661722549302141,-0.21702919982814328,41.950636640964596
-3.9756781823740956,0.007682279717419415,40.914636450097255
-4.188816398688647,-0.10512753256725782,40.65356946896976
-4.390781729989843,0.08647377428905335,39.75554311839073
-4.392695098052681,-0.050578613563788594,40.02223869770141
-2.2378849258374696,-2.301266501460951,50.25387956646029
-2.774193624597147,-1.3381091706892465,46.543147800546485
-2.6483516345561338,-1.6895885850855696,47.75969305767871
-2.4946222892531646,-2.0565535041138046,48.94441939646823
-3.3184392117823545,-0.865459881125648,43.93715189471664
-2.5521590936641756,-2.770584256704543,49.12605419942411
-2.5440471188943294,-2.448163151477662,49.07396050102236
-3.1631591237051198,-1.2990820515805792,45.252505176955026
-2.4468083022868887,-3.2601408778470287,49.20219247922382
-2.3160217889353336,-3.5598083378534224,49.14702782034022
-2.579449994681053,-3.0151896205741435,48.981951639991195
-2.230652860131605,-3.783379350758368,48.926249305673934
-2.4026266583704885,-3.6772326391482757,48.73040162505478
-2.607707233748405,-3.5340865227127503,48.43714084805593
-2.627457121018008,-3.520326253598498,48.40465270995661
-3.636743488653393,-0.6059528578204467,42.76711508716267
-3.956603300907295,-0.3529825790433776,41.65032260625821
-3.6537603992495398,-0.9155344689827607,43.338228038045926
-4.379471707164706,-0.29595773293801675,40.53673881773562
-4.3210246768801746,-0.4079966657796885,40.90649025027154
-4.375231753830457,-0.3953550062548553,40.737212148628565
-3.0316479420146676,-1.62132120139891,46.27877583146893
-2.9110285489180545,-1.9395196721209609,47.209708522784446
-2.825666310215813,-2.272107807071319,47.920439481564124
-3.5094154541515254,-1.226634514590164,44.248963467597655
-2.6570449274892156,-3.496437848489586,48.34555571674075
-2.8197378328963185,-3.232726929709047,48.162961947324405
-2.8440314050163553,-2.8753885366568266,48.19377586102638
-2.8332291577317488,-2.5980543284471156,48.14622671802237
-3.4201788222911764,-1.5614787917974564,45.07944687754924
-2.8618098561032745,-3.332592292380208,47.9583254364337
-2.9361993561071165,-3.266619113893622,47.81068592295976
-3.9830310406233327,-0.756640919295853,42.34447666799061
-3.80571536017911,-1.104841426625209,43.360270205077256
-4.31828629289647,-0.8026851669080932,41.61946919254979
-4.36982657083262,-0.4475558388447727,40.84603360122207
-4.319641104361004,-0.8018296105041426,41.614297896018364
-3.0609955865382714,-2.4397621863048724,47.32077754365678
-3.285780833490998,-1.8798717496654036,45.9670105532149
-3.166867656839816,-2.17859838170791,46.72673409597769
-3.8098935131825513,-1.4307110666947125,43.90705842059829
-3.1803994069519645,-3.0303095939571705,47.20399070898753
-3.1828223276197156,-3.0207685745483617,47.201060836399726
-3.11440283634146,-2.6838220131644412,47.33025093910496
-3.636545420526998,-1.8191187760299201,44.942095800305026
-3.185966034182939,-3.0248104066721586,47.18998691929116
-4.1366198519966195,-1.1385335680921171,42.63982111533276
-4.319277750741812,-0.803831123929839,41.61859663567437
-4.252642420066914,-1.099728861544497,42.26513075501391
-3.357124377334329,-2.41727477739182,46.435264570458656
-3.4968633295233382,-2.128068779560987,45.73217486399158
-4.157302443500029,-1.4171978890400796,43.009821232792234
-4.1416679504221445,-1.4663863200332876,43.123802496897866
-4.0979103837914606,-1.5769042965177316,43.39664792646827
-3.998041406064197,-1.7482475553854728,43.90033942801312
-3.1892608724831826,-3.021209741342305,47.18152194490308
-3.2062459075548633,-3.001289758962294,47.129536472284364
-3.4438131746231355,-2.726612668723797,46.388508161300024
-3.4887889872923172,-2.669531605796589,46.21748122183976
-3.8530150193735286,-2.0726149650852856,44.69402478914467
-4.228743185618339,-1.1917272787032127,42.46658102777006
-3.7547589177633673,-2.275337824094568,45.1705239214709
-3.694133750058985,-2.37826670333754,45.44206069445651
-3.687750292624148,-2.38786002164122,45.47031916400129
-4.033312109421658,-1.7414510105216316,43.79022257347979
-4.019583637727388,-1.7733691480890668,43.86543773385401
-3.8763860698925843,-2.0671863856184136,44.61915723692654
-3.8649695628323255,-2.089015190999854,44.6725971658222
