% Model,Kolesnik_L_rotation0deg_lamda0_segment160deg200_deep370.mph
% Version,COMSOL 6.4.0.429
% Date,"Sep 3 2026, 14:51"
% Dimension,2
% Nodes,1014
% Expressions,1
% Description,Surface
% surf1x,surf1y,x-0.177[mm]
-4.221732276475329,3.283489233361881,1.5232949752071772
-4.482303005104564,2.925440628608251,1.5341943481459344
-4.064670157442199,2.9203030341232834,1.269832202195323
-4.711407376911165,2.546214321803347,1.5507773485136813
-4.297441885636667,2.570242909332287,1.2776977199600317
-4.908861985977877,2.1484540959296727,1.5731119935966718
-4.51410572180294,2.2119650037709144,1.3046896815434055
-5.068437748935162,1.7348543547257511,1.5992313367725648
-4.678565633201682,1.8325869282898852,1.3228156320923043
-3.8816631137052613,2.6322189324263032,1.0463659172157609
-3.9317833634487402,3.6178033303033286,1.515973087873759
-3.8076047181827626,3.228176309722884,1.2602163392973802
-3.702015997873285,2.911575759413325,1.0626669356124092
-3.6152817947525686,3.9257459868656435,1.51271930909647
-3.516665237468757,3.5338920647990366,1.259877014918504
-4.152943170172852,2.2691935649181345,1.080460960561967
-4.2917705807538855,1.9485337353958108,1.0741888755217106
-3.8152226026853797,2.340633909106833,0.897445262272391
-5.193196956502698,1.310566888258655,1.6320154836693745
-4.808436928442475,1.4477529920135972,1.3450120296353398
-4.46120764746806,1.5459125413088188,1.1027455390478698
-3.473913473706073,2.625551931564469,0.8277549648460213
-3.4947407514490934,2.182712508677503,0.6717010514807604
-3.379183779408692,3.2204073295911293,1.0419643219862882
-3.347438720581399,2.925488141773679,0.8929272587789943
-3.1684671087301592,3.460779132918749,1.0661035134023786
-3.275249789087842,4.205989624675062,1.513249915075473
-3.209532723606006,3.7995398576143966,1.2586485786910713
-2.9136977446661945,4.456813412695611,1.5168037223389643
-2.8791806648760887,4.0535934072021425,1.2682206530972764
-5.28004986617134,0.8778366720920098,1.6677832873557392
-4.913401553056301,1.0353563078621733,1.3783975350421285
-5.331579847536677,0.43960738343936867,1.7080829131538102
-4.9847901144070415,0.6142695534555015,1.4175348589780599
-4.168044769266124,1.6702245554520077,0.9183765058687513
-3.8955375683664673,2.0142175175289916,0.8360654438366895
-3.5858628861200588,1.8492839796211795,0.6189143153440916
-4.555284981511886,1.200076546115224,1.1149838268656092
-4.184014270830153,1.3399283654841527,0.8699442399396223
-5.345709484158356,-4.669826274833981E-4,1.7523472600240344
-5.011684951868458,0.19076990703425012,1.4550275103838681
-3.2931861560053513,1.8740540359061226,0.48244166843948594
-3.193600695207582,2.435693750559302,0.6195482765556467
-3.0664638276892124,2.148150312962179,0.4719919889351825
-3.0527160466579577,2.720081536555739,0.6761640039904846
-2.9837674562666003,3.1281076361654625,0.8316929887800717
-2.533086962266881,4.677342132872387,1.523258725255255
-2.526890342223951,4.263580096533423,1.2693159188339231
-2.789631102716915,3.7072961707142285,1.0476844458282863
-2.8040448822149173,3.4066832432743843,0.898861560822818
-2.527920436825534,3.9150065933858946,1.0724499063530102
-2.7291486231328035,2.89708742948112,0.6388866276850226
-2.1360207964645257,4.866029053060885,1.5315667309320737
-2.1543674459533158,4.458709853162738,1.2806925406100351
-4.679043393885778,0.778017703455653,1.178935462524856
-4.701325383024774,0.4186912430320301,1.1950316371833782
-3.8131693503565254,1.5608121241627821,0.679198262709188
-3.8480552119438864,1.2257554115741314,0.6535196406694657
-3.439407273811503,1.5666304783569398,0.48591156886275183
-4.405553004565539,0.9389718422391974,0.9805436732903552
-4.037320044092395,0.9022633392194866,0.7340359958566368
-5.322404560502593,-0.4473191762341689,1.7985932532251894
-5.013054455316973,-0.23930661144477272,1.5063720419990154
-4.736417348536169,-0.03962064331684885,1.2589460464005082
-4.679669199356368,-0.35715342764824715,1.2637095925085304
-4.962173708907275,-0.6340994255285148,1.5395569401780802
-5.261690192672669,-0.8895953290615624,1.847662805013787
-4.907793666478448,-1.0498833064053468,1.6035719002216737
-2.995959491603681,1.8756051703217969,0.37305083489091095
-3.135309038784067,1.641915990143877,0.3755789899572069
-2.748639630227597,2.0090325359179495,0.3269568867293992
-2.8761679854839195,2.3871213787213135,0.4824357831524278
-2.683381460041248,2.6043553341422334,0.5020742551949285
-2.5430399996229474,3.171703352067587,0.7020352922621569
-2.1239388474865377,4.102866233451669,1.0649911395145548
-1.725320755738333,5.021570168221441,1.5418482777258882
-1.788986457953705,4.6211672326162025,1.297148108721849
-1.3036664794225887,5.143383222471378,1.5539708945584254
-1.3815889531169838,4.75010249548192,1.3070106652727815
-2.397730850659346,3.5559888370972086,0.845377056139257
-2.179373359016286,3.805843680813909,0.9166497788004426
-2.444513166426011,2.8198887561631025,0.5188873710872216
-1.8361946026833154,4.260377642137421,1.0908551836441698
-4.356813433306811,0.6002702028014675,0.9356600253420881
-4.485057339817626,0.18963311507320033,1.0461918871229874
-3.640531244563975,0.9828297425092417,0.5169274460367729
-3.5452922903850244,1.2818576930219836,0.49260133071135453
-3.140538368305161,1.3362676709559402,0.33355110862053466
-3.724349745821639,0.6681142362175257,0.5566741780547538
-4.003104574767694,0.5420562585541198,0.7129817747637527
-4.378958720886261,-0.13669765202388834,1.0087780733432485
-4.449090382927155,-0.5468155635404394,1.1303639835396253
-4.657800063337316,-0.7890664437382212,1.339511507615516
-4.543902895416109,-1.1361396888138455,1.3532493743876304
-5.1647657460301675,-1.3250692439528864,1.8985794761359105
-5.0327024387434385,-1.7504025059107657,1.9507774769555042
-4.792049296837794,-1.424126223655391,1.6350231323947992
-2.7154502726834178,1.5611065443567902,0.23210345703624993
-2.8376029558879488,1.2341390123538765,0.22924863069473222
-2.1878611860705504,3.2883974636141735,0.6606135059415327
-2.365613768099014,1.93491282818295,0.21710389757558812
-2.5369091897924085,2.2642159592481645,0.3420834015153114
-2.393708547561434,2.570418640390868,0.40830114830245046
-2.175297259993516,2.987740291179361,0.5216734897965031
-2.1918338271112767,2.7204229481928115,0.42010730230024373
-1.768468753038887,3.8891753994578293,0.8713337643869342
-1.4148243664151425,4.388424668238726,1.0912042087390992
-0.8737667252702915,5.23019769193092,1.5667964542215314
-0.9879590737088865,4.843252064534476,1.3195400744695258
-1.098575633443071,4.504215316862113,1.120347339216847
-1.9564042738061822,3.529386773365201,0.7250257127407805
-1.518116767273465,4.098489470324284,0.9414073894400271
-1.6033335015391492,3.5875991791271193,0.6895529135604249
-4.128202192508327,0.20787822243185772,0.8053949720178865
-4.0408358048594275,-0.129913101721277,0.7888941183229632
-3.406788146202183,0.7332438014790882,0.41430679187308134
-3.516221909525831,0.4841098252767569,0.46953591117833915
-3.2689884096826805,0.9786975774130765,0.3635144604229597
-3.3095171103348964,0.4454029546422604,0.3920339222601083
-2.522879635046879,1.1209872704406414,0.09929858250681059
-2.930050619452224,0.97489915542763,0.24767135886747524
-3.7715043241584305,0.33698007373713157,0.5939287016520952
-4.0929054214714755,-0.47184278899905896,0.8794105782617352
-4.286674809006785,-0.8660983178318779,1.0973089170668373
-4.285200828235253,-1.284749993277108,1.2194577741183341
-4.472188107850504,-1.5654731482770037,1.4492667927668659
-4.659646535239508,-1.8492851375640658,1.7016558330554592
-4.8656287928801225,-2.163288381380771,2.002993983235742
-2.2756876832098043,1.5050474536111862,0.12596535887577584
-1.97655973373858,1.873370166542622,0.1423065008069164
-2.0572418830130235,1.1189461438654609,0.059895468815977786
-1.9047173750614945,3.156724001732171,0.5431042315171171
-2.076859406981265,2.3775596452808725,0.2783366631464524
-1.9074821241058033,2.7663445945377054,0.3847025985773549
-1.6495896587837398,3.2906565726672405,0.5581397110569427
-1.3667770164686743,3.432508670470837,0.5846610562087867
-1.343890770612311,3.792577544257436,0.7546883060380339
-0.4381562547584845,5.281923155344428,1.5799305207020016
-0.5720775580227374,4.90294394141035,1.3300674552200868
-1.0927136968543367,4.117579826554969,0.898149102168012
-0.6638991596808038,4.552613918656979,1.1157646655276758
-0.8082170590762005,4.294656305963234,0.9733818641525387
1.2141940322327729E-4,5.298236818784903,1.5928996867124054
-0.17610657672583363,4.935271715934814,1.3450328682684463
-1.6548327310150537,2.1533452827729067,0.1651747922220178
-3.7787285210024844,0.03339910044217103,0.6235900377448403
-3.753099697166146,-0.2910019454906427,0.6588630444952611
-3.43274988619171,0.17655234812265894,0.4563761081030511
-2.2179348342532608,0.7239325823551582,0.03883719639246729
-3.041708833678185,0.6189208192986861,0.2936676561320016
-3.120955515624363,0.2850447301119862,0.3449311952777853
-2.643625273944003,0.6449204877981829,0.11978261596796978
-4.3227267105481015,-1.882364490207181,1.4734089316286108
-3.950819273489687,-0.8210135930954723,0.8740447369780885
-3.7225357817224216,-0.5992739196613082,0.7008007252474692
-3.9558999644151847,-1.1819830809216285,0.9783695071385178
-4.0889630005948705,-1.5805595744506555,1.1958107373268796
-4.483794102819903,-2.2157123074083933,1.7412171557988996
-4.6652826001623415,-2.5608386428487018,2.055071014847016
-1.8901525030300752,1.4453064399689113,0.07695110034207046
-1.6408429759747585,1.7449008271727844,0.08899722357324182
-1.8009730108670416,0.7710157633963121,0.07101815220650665
-1.657425998381059,1.0855138447923889,0.054908170653012255
-1.6083796557886136,2.927243718888302,0.402735836001271
-1.58081511396722,2.558415126285326,0.26886319292709326
-1.3893412776201202,3.1629728047322554,0.4694440154097876
-1.1529562339882033,3.2446163059475355,0.4794817833993495
-1.0517569491215162,3.498298806794032,0.5823438684977841
-0.9812647002415466,3.793796337322808,0.7187871332684774
-1.3593960116346313,1.9789695228610698,0.10757613167472602
0.438015369427074,5.278947225071174,1.605178961185592
0.22549231155887442,4.936235458262531,1.3592353267420412
-0.33445015995344035,4.608993003954821,1.1401310154656186
-0.6891544379121018,3.9509106481123575,0.7802054104812771
-0.40969769178964555,4.237954259023984,0.9255681271221184
0.09360700698934889,4.598409359566378,1.1407060396604745
-1.2503878473103127,2.363684065752032,0.18654796148668853
-1.8927679479161847,0.4277133251166387,0.08527508003810903
-3.398187101267518,-0.14918980073167537,0.48194439717431264
-3.4460809600641733,-0.44967669567761076,0.5492534767947198
-3.4805704901427372,-0.7171849623141446,0.6221555877974447
-3.282319307231816,-0.6860223405006115,0.5368823123175333
-3.0726904936066455,-0.040587838368001075,0.36459131690814495
-2.289839688210307,0.3459385404595429,0.06662980865129244
-2.7639835991706,0.23724543439094017,0.20166184991963054
-4.143776015280925,-2.2888414727567867,1.5412478260408715
-4.0300515956649,-1.9970767488974792,1.3289680451039216
-3.6742569374774865,-0.9543362179959322,0.7612290700075081
-3.3070493618357437,-0.9796201205740489,0.6098984188693143
-3.5782669665084526,-1.2479351412628945,0.7985662908287837
-3.7593782049275264,-1.4815341366130688,0.9657733679050546
-3.4648064328410033,-1.5599044707894913,0.8439009643499059
-3.7255265742832964,-1.8220543551427026,1.074610838002161
-1.6007208144383565,0.4923210369354917,0.07462644042538397
-4.282478784300507,-2.602386557903073,1.8008622467559474
-3.9356399219411116,-2.5832368598637054,1.560383639249235
-4.432999275965576,-2.94044897099395,2.10591547119297
-4.046880783783908,-2.93816599186566,1.838304556012244
-1.4412228791690873,1.3956831118253321,0.04353681384035516
-1.2242538189159837,1.6806704813561388,0.05827286986772833
-1.4949377274121298,0.7743709423356665,0.049165181468073665
-1.314457677051702,1.0430688618964283,0.024286896650896644
-1.1439992123599207,2.8710955608976207,0.333601638175785
-0.8630794692041757,3.203520896852781,0.4426634127429347
-0.4768706023966558,3.6339662993027084,0.6171227103554985
-0.7591546909681968,3.578902481245275,0.6001148274277056
-1.000809869555122,2.009789823351249,0.09521031025128274
0.8728630709344153,5.224104870564144,1.6167562748449675
0.6398963907349361,4.891945454150733,1.3651485236295162
0.41931078882236744,4.612136993810592,1.1690938876736008
-0.34743585033666247,3.904821955947092,0.7475256531694037
-0.09430058576117427,4.363151689183479,0.9965500373949171
-0.020774719131607285,4.018821965083153,0.8097305338024621
-0.17756193293117073,3.6856920209804995,0.6412966308220237
1.3017217676239745,5.134224098621056,1.6278039059058174
1.0479917478018659,4.825220584597191,1.3775933991973195
0.30026149729461227,4.236806782835184,0.9424986689103607
-0.7960838325711868,1.695977381909649,0.04459680300623688
-0.7510496600197402,2.4692288619068035,0.1895371147951568
-1.360372422886825,0.539792713872293,0.0506366454432204
-1.6451758582024445,0.21369764401375935,0.10625327437465838
-1.9546135364907078,0.10983506639236686,0.09841052342306729
-1.717018535062322,-0.04597302041547714,0.13156439363867167
-3.0656642422462057,-0.4312829870262912,0.4294858769465972
-3.0618730114571506,-0.780350978845596,0.4906627272351683
-2.7177990152194913,-0.2611299869468292,0.2757645015919868
-2.3562022569156627,-0.0663659248407168,0.1212751803705051
-3.7806673490154474,-2.2400073789404624,1.2894850003813974
-2.910719033136057,-1.0859946927921604,0.5122086755302276
-3.239110833409539,-1.3171270585544144,0.6711782073649672
-3.1989001077893975,-1.6125001924991211,0.7456781916460548
-3.3734160770401553,-1.8659072754697887,0.9109383707270254
-3.4849379993268412,-2.0878245069922134,1.0573572617807152
-1.3805112130326915,0.2882084024881626,0.07533416447925521
-3.6870875497690925,-2.9423989077373007,1.6158315394141611
-3.6378003612719327,-2.634410369855054,1.4083022744317304
-4.169999388238404,-3.2995637962559767,2.155111453549344
-3.797917196977474,-3.299373100533498,1.9129745471818145
-0.9871978950562524,1.2866002707022972,0.01640668291985457
-1.1916227599504414,0.7173824305906639,0.026671620616273272
-1.0202743738484912,0.914714986544987,0.013376096285839845
-0.27735469545282293,3.4431796817383447,0.5301763676313224
-0.6427521602054171,2.9460725023512815,0.3354575049891338
-0.5453977520955158,3.295882022048962,0.46818232758122313
-0.039383451834932345,3.445124474290131,0.5345587759178814
0.13123941802766448,3.6438730330840716,0.6301988288305171
-0.3636833866013848,2.7135279102475343,0.2558225231886433
-0.5556537241483873,1.3387763408172575,0.010329296471340238
-0.5178350905561685,2.0791818923057552,0.09852782267713033
0.8489867210434371,4.5221053139433565,1.1606165656989582
0.6322855434406724,4.318298054090405,1.0162681490222776
0.3020911683295189,3.9094298528565163,0.7688717857445886
1.1773302492307711,4.47681897126932,1.184304922026566
1.7219668489196152,5.009910589672183,1.6383681156874748
1.436414130383248,4.72957030241465,1.3890565591160013
0.6249494298723404,3.9603481635933298,0.8216539373435943
-0.34953911875087335,1.7350767378138723,0.04568221189094943
-0.2849215039702981,2.409461393834403,0.16945145071000145
-1.094145503144134,0.4067221864712133,0.04527416267183218
-1.412645757964148,-0.04292925599541185,0.11489007659674012
-1.9783724121379938,-0.24695032518999144,0.12213657732172546
-1.6218417325114327,-0.2992061152847451,0.14832410335056134
-2.697738984270763,-0.7143402446144954,0.3753360153256799
-2.2902686008023907,-0.5049300996158333,0.173885138353459
-2.5470834305316132,-1.1697874136866155,0.437702080300198
-3.394165449175501,-2.400273345047345,1.1540101779514236
-2.8574899652361334,-1.4935290801745065,0.5939469092676214
-3.0111181850598983,-1.8505887947291133,0.7529340065681728
-3.235316937683629,-2.1299300750634176,0.9535933071639556
-3.0916336761759564,-2.360392919603787,0.9904739569613602
-1.0871873398528853,0.06954876636061522,0.0782785220858404
-1.1536206888081642,-0.19537175803457374,0.11335848177511601
-3.344757581126132,-2.828159299635332,1.356415396825158
-3.4070771493640857,-3.228950378067946,1.6376759186604122
-3.5189696778679616,-3.5832379806359076,1.946469119768764
-3.8780326609983327,-3.6357889313789715,2.202348651544643
-0.6843543449911089,0.9708831293852518,0.004183611339770118
-0.8433861311877364,0.6206746814356452,0.01884850608046838
-0.32781451000141637,1.0272628601442408,4.7796647205662987E-4
0.44442014760171333,3.62684393104433,0.6418321279814573
-0.15225887355502166,3.1119689326232685,0.39685875672389553
0.23117642226395974,3.3114644599487946,0.48902746004883263
0.005020247810958229,2.700349511514714,0.25847521884701274
-0.12238088857387995,1.3905389049953045,0.016277278485448247
-0.023261145338231256,2.0527308840657845,0.09832681674123131
0.084228079142709,2.39566142096406,0.1755326390073
2.1307821194750014,4.851861424017103,1.648738552204515
1.8321208816014103,4.589189259655171,1.39513420371072
0.9940040127718067,4.146176506597161,0.9660525944030854
0.9344928449906692,3.8164419305508557,0.7854157460737613
1.3273142140744238,4.1644392993844495,1.0321210135913388
1.5881993360631397,4.327647161763491,1.1785212487038434
0.7329462410684658,3.5896265101198295,0.6521241826585805
0.04544400864145157,1.6827109984970212,0.04588825442998905
-0.6711293100187785,0.1829525182534586,0.053698550454914104
-1.341037540654468,-0.35279618116102257,0.14498167654363725
-1.4806400313333903,-0.5520541559372982,0.17216885649694025
-1.8228904425194183,-0.6377651162438903,0.14884800903782616
-2.2375279935308168,-0.8894537196717192,0.23926258854327345
-2.205909231179739,-1.2544592383883038,0.34702423630314255
-2.367359675509503,-1.517971946354851,0.47769069787463797
-2.8966283017312184,-2.136568631480607,0.8140533772403256
-3.1023875135746923,-2.586087178650302,1.1053916984929877
-2.6153798592344386,-1.889981489358182,0.6345227723191366
-2.7924326334522216,-2.525871497165605,0.9456620757330272
-1.0624753739751447,-0.4255431726310629,0.14031322916656075
-0.8654620970623729,-0.18323261151690803,0.10090954862234876
-3.161252212904185,-3.5584166315426113,1.734164473611785
-2.9098319273113975,-2.877619672844995,1.174561688052262
-3.0629864513474088,-3.2320640977642894,1.4614777463227437
-2.8318713799860267,-3.5073728808218188,1.5391757086246198
-3.563384966940262,-3.942812461664737,2.2468318058740553
-3.2391260812866554,-3.8900837812076463,2.0241515196276434
-2.9038614762727435,-3.8255076131213674,1.8062012816038882
-3.243568215601863,-4.208394914069631,2.285460721178858
-0.4136125297950238,0.5394894348951302,0.015111016899383501
0.02846326439076584,1.1022933686198708,0.00606579407478385
-0.029866489503407777,0.7764388016076088,0.0030157628590002914
-0.044891253426350246,0.39502469057650946,0.0215251117999154
0.5850233463091156,3.2897300855944227,0.506044338364083
0.31575597655013865,2.9667376676797526,0.36134448790019874
0.8630863648942266,3.343232616695779,0.5572996638168914
0.4663728272302705,2.6067202397047438,0.2530063527249414
0.3230544671731497,1.395861149285598,0.02436198659680529
0.38615288717067087,1.8440231326886891,0.07898733234940293
0.4281274500527813,2.189178857939919,0.1452342915357712
1.9059971757013245,4.2276884102434416,1.1994525915963858
2.5256010251827856,4.661415888278691,1.658771640915177
2.212871760502668,4.4247507396742485,1.4048853485840656
1.6620279142658874,3.9365147230460806,0.9789963750808105
1.277609505151171,3.808722079709155,0.8351430286880992
1.0159502730148497,3.5363424067348794,0.6630214965761382
1.3070088688197008,3.3997106768775236,0.646290091117444
1.5551921784663867,3.612305636677701,0.791973705569902
1.0900593340126228,3.2668709525067148,0.5555234297786876
-0.23792234045829005,0.15062381725325202,0.04586256841036996
-0.01510787775224484,0.18464974475092097,0.04285542304713327
-0.3981455863312302,-0.28998504240460043,0.10220761240480068
-1.237685988416092,-0.6321620299724815,0.18175802767674376
-1.0254189928186694,-0.6670481314847393,0.17677291830230896
-1.4959982133492178,-0.8445710730658678,0.18128698166659896
-1.8479603933477051,-1.1111253268720662,0.2063027769297583
-1.990306959957967,-1.4988841522485599,0.36343089262018463
-2.169169603602196,-1.8262399566578598,0.5139496640279102
-2.662139919330728,-3.227684223297066,1.2789208899909281
-2.597405154880644,-2.252583148055808,0.7525956398662961
-2.284605698075858,-2.161463001701013,0.6379235353556217
-2.400272896444785,-2.5142887816824997,0.8000344234762452
-2.5586535305406013,-2.87846718449301,1.0333320005989561
-0.7337102575630945,-0.5268217884417685,0.13881353603948324
-2.5264544629493835,-3.8059741034662715,1.6259516875600417
-2.5401588366784087,-3.51203926557218,1.4184399544568485
-2.366808177858317,-3.4034542804586323,1.2791512869690806
-2.714150199496233,-4.053669049387707,1.898906004447906
-2.9744325968469854,-4.0889778155089225,2.0486923401834507
-2.6780665484382484,-4.325491694777952,2.1079263554114784
-2.9319588004227697,-4.430167282371716,2.315975075946344
0.21360498532780323,0.6094857148050788,0.012420047149381587
0.3447196945095139,0.9589354051549621,0.007615602010935745
-0.08484455967187247,-0.130142578286341,0.07683097078129707
0.00605280159176272,0.03653387102644881,0.05608472628346308
0.17335139193767768,0.20448107788227232,0.04108899107112759
0.30392473412885945,0.40022403448808785,0.027622379094884214
0.670581822321325,1.2226665703551134,0.027843538640724225
0.8743521746570538,2.9913429073476543,0.41945278912501177
1.3057726456647654,3.059391823484879,0.5051085945306965
0.9414001069604119,2.3891562748887702,0.2347627652140541
0.7381666472347204,1.5670502966604696,0.06195323664461621
0.8407570071668569,1.9502369403969126,0.12698711298427526
2.280134830926971,4.018851434998784,1.1916214666911207
2.00678383371688,3.8893373487450447,1.0405066100791525
1.8867576650571916,3.560114870601461,0.8424510664094848
2.9038983360117427,4.439770060841115,1.6682317148715409
2.5638980169696604,4.248515829435793,1.4194132755023148
1.603794849427661,3.304350854678407,0.6608740069354027
1.8696392546324683,3.1801211002270446,0.6663144031081761
2.5890102421035714,3.8718788558078727,1.2163496813475752
2.9053467660469456,4.017512340509908,1.419238219960377
3.2631979065486023,4.18813346600208,1.6773184604923876
3.23423248438007,3.7457084052184566,1.4142106026890628
-0.4500305904804069,-0.6239688296750625,0.1492530702771869
-0.2238095229767768,-0.5843736531653732,0.1413303524517643
0.06989722584821317,-0.38684918018250203,0.1095851210263631
-1.1617243521265241,-0.9067971569404762,0.20369407899652528
-0.8355081864585735,-0.8639864834390206,0.19874778058194534
-1.3928339377127525,-1.1881803310197236,0.19494769820392088
-1.6180229489470663,-1.4948460254322817,0.259131625330306
-1.7695573361066075,-1.8188890664394737,0.42596696947771173
-2.3245871531443103,-3.6099095896202043,1.4052358144888746
-2.2249387889355083,-3.805404645002802,1.5118509654864465
-1.876164160875547,-2.1317039719761404,0.5510223419256611
-2.2929932236097414,-3.161710029308798,1.1012887851278725
-2.024576002762536,-2.471093612748392,0.6837480661097124
-2.1553328694495955,-2.840230054040928,0.8822779872530365
-0.5905309442536335,-0.8564568021002905,0.18664347486561947
-2.4266295676911485,-4.154497620904895,1.8602729037809262
-2.2371008395350342,-3.980381568758835,1.6498794366123388
-2.064242133029951,-3.469615285129078,1.2204939234968666
-1.9857066915023973,-3.9255793420488923,1.5232984731587915
-2.4232948463058084,-4.45777698580879,2.113177772170747
-2.020204893464946,-4.213216399473937,1.7611283864030116
-2.630070282437658,-4.615121146311189,2.3386975544323323
-2.3365592951632195,-4.769931647756172,2.3568179730140035
-2.1700933330356538,-4.40722401085434,1.9736224031169765
0.5395351798735504,0.611652244058806,0.018354882654285837
0.8088288770650426,0.8957317488848843,0.024809110241134972
0.25506070793233326,-0.09532849872519929,0.07557524944670012
0.3403820545900888,-0.28052427605431907,0.09992879465950939
0.48279989874505413,0.11192396532889028,0.05494662706709961
0.6767580654760897,0.31861124194267365,0.03750899308234526
0.3859362250762261,-0.43648591159664457,0.11607509542072802
1.0358832051425464,1.249334121827669,0.05077031753349887
1.3117352757692882,2.717639961858619,0.38204087379837753
1.6398992337648244,2.9425516277907025,0.5200997400553725
1.4121016788942946,2.3639630898003525,0.2874687799826899
1.2925142609761053,2.056678023194491,0.1935586960109538
1.257492802873696,1.6099005111670317,0.11040013453977006
2.2941738191809726,3.625966013535579,0.9895222939494898
2.1332702194157376,3.3209044496416,0.7962949825129805
2.631234225634158,3.53063721505372,1.0551406324152042
2.1419505835485215,3.040700523460758,0.6763196738577523
1.92190363243431,2.9049055401708443,0.5659326995858928
2.110900069605447,2.773205869525764,0.5621019071585245
2.925600633488222,3.5991304037810967,1.202915266738975
3.194587352888493,3.3744424048271124,1.205290278246027
3.6013911368382234,3.908203488328426,1.6859860048942623
3.543978980854192,3.476121296384356,1.4250533337564486
-0.28510833267254904,-0.8396526701777217,0.17566319304455605
-0.037842574851431415,-0.7156181889478473,0.15368629623167934
0.29553791955631104,-0.6809233292658858,0.1509898569613591
-1.013533456498216,-1.1624260989756767,0.2187046323784467
-0.6953221682415084,-1.1572195622925694,0.23198106617030315
-1.2251473668192259,-1.5158325051450512,0.2204206790978709
-1.4640057632038836,-1.776501203436924,0.3218883306830323
-1.4851554786054963,-2.0882654587653957,0.46785041388834464
-2.0897962019797114,-3.711942102901719,1.3972888217725583
-1.609326595824927,-2.411749774368565,0.5932511462382397
-1.8694958012669114,-3.155376014272389,0.9701082663539591
-1.7197427481372558,-3.479134817565475,1.1299653217765135
-1.7291589685696238,-2.747657065037739,0.7355612975633421
-0.3945084651267335,-1.1547391368069775,0.22977308580713135
-0.1711421100633875,-1.045714200432473,0.20703144199166476
-1.7792110429446522,-3.724279620952661,1.3129853378271295
-1.6866284152615303,-4.062336269346532,1.5417611940682852
-1.6766186205330325,-4.3846274727350965,1.7984853473936837
-2.0496136655017114,-4.899660524939194,2.37229128530419
-2.1176033826273124,-4.645871070133866,2.1610852140309014
-1.8603081193815298,-4.757782335476828,2.1750960250311526
-1.889911007623765,-4.497608346090209,1.955782137901055
-1.6432245821224458,-4.642843891731986,2.0077565097774603
-1.7667434401224955,-5.008311528494861,2.3859604644290275
-1.5740046188743368,-4.905873220175698,2.2295486869042223
-1.4855373582593656,-5.098593492980478,2.39763998503394
0.97481914802594,0.6023810865474131,0.034671918549349194
1.2304829642496806,0.8931101267903031,0.04829929945020527
0.5482592329913428,-0.22004370407758467,0.0921450769597201
0.8569796836037665,-0.007623554258614114,0.07600438568873781
1.154432619213537,0.2646959968183502,0.06306539917384384
0.6136146945456122,-0.5462136627667745,0.13890053364668456
1.4836100909399157,1.1890252839096476,0.08760316229798933
1.8322929569271167,2.5864506558734277,0.43201038992790497
1.7118653199434883,2.154060696512973,0.27974257934594277
1.5968723101347002,1.8489816977682592,0.19069588488705774
1.7298952610951472,1.4925526345262385,0.15012840615563214
2.4613872942354,3.214647759563274,0.8471709713818107
2.3809143395378363,2.8327274094195163,0.6599377494315758
2.8783691653130834,3.2063928811230755,0.9924007195004911
2.665902393722902,2.9349612401561265,0.7934144656829326
2.255035370511693,2.5034788174596447,0.5033618802902592
2.6090455618268016,2.6324539244402887,0.653349128400735
3.1799885990589725,3.0619312633591322,1.0517913565485766
3.4646964751582043,3.0753689367604853,1.1911621844846707
3.9161199247585694,3.6019019249207433,1.6944113537639593
3.8235498533749888,3.1967486722982743,1.4373720692090945
0.04489895653358124,-0.9388620758513208,0.18696956181193244
0.3555629409169405,-0.9638789028783407,0.19323543040010024
0.5737032655416759,-0.834852244821675,0.17815854667711684
-0.8862958753757552,-1.506907653630036,0.2194313355860387
-0.5718409798443995,-1.4749082567230425,0.23889064743635077
-1.1109436412596032,-1.9234853314297227,0.30715470705314335
-1.227311631182735,-2.3180243278181765,0.515188278932467
-1.2937051480741713,-2.6949066598429328,0.6454175367829654
-1.478402300843928,-2.996134558766694,0.8029236261785959
-1.430264017907373,-3.646254061620257,1.173862652172299
-1.4308615199558252,-3.2994521597271507,0.9531430018752517
-0.24889458771189488,-1.4232545587624386,0.25631847561197413
-0.05751550929431268,-1.248616293831437,0.23525980549415146
-1.4348924568833794,-4.55205996494858,1.8758743512473444
-1.4012185658210308,-3.9483634926571822,1.3856344448566247
-1.3550513470907737,-4.2920315097116575,1.6439174656627267
-1.1961005591835805,-4.520657211413231,1.7968193778349892
-1.3405189154195434,-5.0036281347565135,2.2659161831133514
-1.3564405734473968,-4.809565308161807,2.0832655160327946
-1.169216378899622,-4.732868756954491,1.9729583974084706
-0.9730569057742777,-4.605527848850566,1.8265126727640315
-1.2035699604108878,-5.172193823866484,2.4068823143227154
1.402416288264534,0.5359519738275782,0.06384117991378602
1.667056131421778,0.8075841195929575,0.08474558631761643
1.5618016784265216,0.216703198116463,0.09046448191852276
0.9779443120778494,-0.3735584240413856,0.12531266898694912
1.3532200014776568,-0.12088832717769447,0.10995291789621489
0.8717312857503987,-0.7440923821440645,0.17219598764915348
1.1734675412933187,-0.6806981812671484,0.18124571841380327
1.9392743328338535,1.0954728102887974,0.13102947539293572
2.1317208125018596,2.1626234240916675,0.36675466101242865
1.9938546607727925,1.7957606532118917,0.2460025523456891
2.2450876346536974,1.422940345468367,0.2216635326155321
2.9665170278686532,2.7845363516434913,0.8426540441174417
2.81934383652506,2.433095240765858,0.651454539207863
2.5047569985755893,2.2633281326831214,0.49237619747821065
2.7866830478617297,2.1506982827688605,0.5440857662686669
3.039696720040292,2.190744970368392,0.6475402058106993
3.127136913854353,2.4723608197664557,0.7839438165191477
3.3847524261174526,2.698852634573393,0.9881017956351393
3.729038854343649,2.816865443449305,1.2123826653353815
4.205771266758611,3.2712845684104543,1.7022250887894514
4.078485273830221,2.8673069738581862,1.4357210643780232
0.25888973809747784,-1.185328272643975,0.2265104920099383
0.540729570365819,-1.1100654296193313,0.21996426725291682
0.7973621562347158,-1.027546800251325,0.21647050441860752
-0.6895031426423731,-1.870245944601661,0.257105691614496
-0.3762936289742305,-1.6552222415015008,0.2490919571422893
-0.1827913457765435,-1.5624798823004002,0.26079329635701665
-0.8532767581508138,-2.2747267309777905,0.42168867537386673
-0.9730674605759689,-2.5250194187611683,0.5567410274100688
-0.9254218426232619,-2.769247076866765,0.6364027787978083
-1.1084172353398276,-3.8129322440218223,1.2294200932199892
-1.0771353748189927,-3.0798732051509417,0.7827504221108043
-1.0878837770520933,-3.465707689201957,0.9935539406315069
-0.7134335871960874,-2.949272416814409,0.6916827115165549
0.18240773550857922,-1.4331577888177622,0.2672545418477601
-0.123843523073344,-1.70786830226272,0.25945880985097064
-0.06600891790351464,-1.5111879328249158,0.2650848307732352
-1.061442487267438,-4.408401346315574,1.6796271644205185
-0.7733356270630936,-4.426832459732244,1.6500654619205253
-1.001405263803154,-4.155397029845179,1.4686323293883123
-0.6835603028052873,-4.706567306958614,1.8705579059042676
-1.0834650514997979,-4.977814167276816,2.185401304991242
-0.8698031553139249,-4.863186102488707,2.037764658198068
-0.6327317054885099,-4.921731521625953,2.060414128678834
-0.9184454249936135,-5.230269683319016,2.413317904983716
1.8106862344995747,0.4888007239202492,0.09626362654341182
2.0668926709558946,0.7462091608854943,0.12507883332388417
2.376271450682604,1.0162784206836875,0.19022817284151808
1.933960631010018,0.19944588800155544,0.12350477854505547
1.7419823494771711,-0.05158618086196923,0.13108852415668895
1.3832330726680022,-0.454901023431117,0.1566597186430709
1.6786598433844961,-0.32161320414459715,0.15746482961996347
1.1423552052400332,-0.9766725319435502,0.22823643038450944
1.447474899220098,-0.7924149941107426,0.21817494044120536
2.7884585953283714,1.3185108489154438,0.3271020306997335
2.5666207433540356,1.819330168715728,0.3824753920949363
2.9486631595954065,1.9419706043262945,0.5351009434566739
3.218562991811375,1.9241613144081495,0.6329680285463272
3.0115580078337136,1.6541382953381882,0.4736529129482056
3.665931154346947,2.4973579052884323,1.0461134589732077
3.399564755205648,2.2770533673533224,0.830895229598034
3.9678104212045753,2.4667034567382107,1.2026386119097607
3.7986212618147133,2.136673410662521,0.9827669518280634
4.46817739563997,2.918133181025973,1.7103853934079074
4.3108422775225685,2.5150967370691095,1.435690583702245
0.4832453843305557,-1.3809398100706183,0.26610255110868536
0.7361556371929687,-1.321691201445573,0.26538003439052676
0.9707273934553433,-1.2238816276412785,0.2567077113207973
-0.5444849731850655,-2.2315657685119445,0.3678471637062363
-0.37181927092340417,-1.9919722651253182,0.2749600251252309
-0.10979567256255433,-2.014581332135811,0.2807468497105527
-0.5900969706237723,-2.5971164843590384,0.5572896658332195
-0.3528510334235916,-2.9848969037089725,0.6863334106716453
-0.8196685005005971,-3.6772646344049376,1.0939494959182146
-0.7136783877097798,-3.9680799747010873,1.2880036218364148
-0.6529153478145024,-3.307694852210261,0.8546321272879356
0.38439726234856975,-1.6311099535223206,0.2697588292654581
0.11761952246528896,-1.741705247030068,0.25988765188519697
-0.5986087967593211,-4.264754263768996,1.5009008624011828
-0.4615216295237127,-4.555578045174791,1.7200760007510618
-0.39193806648632445,-4.8554453277460725,1.9737914105756074
-0.18209525029748955,-4.69107315218391,1.8141269966265245
-0.4595029836704978,-5.0774418469696965,2.195906951071699
-0.7629151906164751,-5.059112454092192,2.212815350534164
-0.6263670985297234,-5.273438288542,2.4168660006903875
-0.3231455409800996,-5.300926397695506,2.416774779880995
-0.17020421456456664,-5.069265563103413,2.1673687508919603
-0.019640040741541638,-4.867716704925974,1.9656943469684374
3.118636956293269,1.030850308039052,0.3782794859377105
2.7803500922874758,0.8476596009213424,0.2587242898074
2.151141675043756,0.4144917499168513,0.13731211886297798
2.454735736428389,0.6403003355240776,0.17992949259032923
2.211561319498382,0.11212117569630747,0.1669567708973034
2.0140113366443635,-0.025475528102156707,0.1601235806631534
1.9593203086613744,-0.24657586791869793,0.1791013009085836
1.7019820662599494,-0.6361860336508783,0.21293201939298848
1.9047569289957698,-0.45348916406005235,0.202156733827684
1.2334435681841533,-1.2959098241389628,0.2658762221658701
1.4675696763673263,-1.1095170548495152,0.2586736005133317
1.740900729758245,-0.894848441193784,0.2462511148077123
3.2087030785831736,1.3803086398134232,0.47914967485131815
3.3973119016129187,1.6464597477930911,0.6228223726707817
3.5072274069823015,1.914416011384889,0.759295775055999
4.162703853341475,2.18185806301768,1.214437851424908
3.398218858222819,1.1537465449947795,0.5046304239116572
4.0505120994166335,1.8809671721689616,1.04206870969693
3.762988404823871,1.7006178658648354,0.8192744193653158
3.438183658774621,0.8845746415225898,0.4744647288869385
4.701197983914107,2.544290199035432,1.7189243569701829
4.339001747076151,1.7965047290466774,1.2032974162759975
4.5174079879674816,2.167189872638373,1.4464988492858073
0.6697745054532527,-1.6756386674410249,0.2715371402517255
0.9754686283180822,-1.555339686107125,0.27407414931353985
-0.21910541870678926,-2.3585106641923597,0.403107532153482
0.09798236256139543,-2.153386366941859,0.3090624795467419
-0.11254974881820096,-2.7286539007328083,0.5866300116717934
-0.03465452877685501,-3.059553981601225,0.706703102612992
-0.20362728548321826,-3.3273562248067297,0.8365709167418164
-0.20071767605637622,-4.401220561961174,1.5785067041492873
-0.4050637250186267,-4.098855480177922,1.356474490641593
-0.35536240729858015,-3.735518069600431,1.0901230683842085
0.4447671060217799,-2.0587967822017994,0.2915098386123068
0.06432840878727096,-4.6196285705663485,1.7471404294739086
0.13986166843771586,-4.4073245160301076,1.57589029846
0.1670255875731622,-5.067931133370623,2.1589003765574115
9.904859915585435E-4,-5.311289363517222,2.412881149647666
0.3929518916897847,-4.541400670592595,1.6883990341138577
0.2941308864814735,-4.827994210960248,1.9293151843072813
3.136845087284106,0.693294656193956,0.3451156244884732
2.812008725971703,0.5043694797390536,0.24356493957237044
2.4905858807085344,0.32046656835063625,0.18130572953721577
2.463719693480143,0.02746953184409654,0.17516358947165342
2.092721731875928,-0.42238808623754953,0.20898359380538817
2.26044690496886,-0.2070504089050495,0.18927822499384273
2.029262211189302,-0.7012760638290697,0.21984149320134058
1.2924703878509156,-1.5977810347560253,0.264310253435084
1.5594799515296294,-1.4795313775281784,0.25735532728796945
1.788131910107501,-1.24378923830407,0.2503818238745353
2.008671432605374,-1.0303154284217568,0.2365763037447385
3.5465492172301163,1.4053080887583695,0.6265761285826824
3.6689740429688316,1.0999080010138012,0.6169825331103421
3.8312248400627458,1.3444953198358889,0.7544025838718048
4.1456438078230065,1.4704868372318716,0.9787410087944385
3.4872695816240125,0.5606407717081638,0.46017941469861107
3.7532702714548,0.7920626625424245,0.6071076267180454
4.903600668591063,2.151416575864031,1.7283432168682313
4.495554290645289,1.453336102530452,1.213679814334106
4.689242744860619,1.7862562303309135,1.4496011448284285
0.8814449550824762,-1.9719890419158566,0.2955352571564078
1.1815817608178651,-1.8520864127546042,0.2879165396019916
0.25537860652049493,-2.5038213606690745,0.472354934507338
0.2620205381920147,-2.906739411641118,0.6489259917212702
0.20725536722240043,-3.2857203293025803,0.809988650413863
0.08624772912760326,-3.6421286580394536,1.0147711530473484
0.00880458484287776,-4.0675320926255685,1.3128867420255237
0.7719157808869658,-2.377963273858994,0.4381860202911682
0.39705288419032464,-4.248869540242115,1.4569973927985858
0.6987025852793489,-4.445828486241028,1.630991027686582
0.5134973363906614,-5.043505595477193,2.1455925784908523
0.35574237861385855,-5.300131136260918,2.403464292717546
0.6444853327692746,-4.754179298094406,1.881931381344036
3.1738732177261335,0.359599686525112,0.33157466688886444
2.8549202235215807,0.1290411133685899,0.213484145726701
2.6452876274825874,-0.22161693804826907,0.17452193639874433
2.4134473435722663,-0.5698589689423809,0.20003950842869017
2.3695534059000565,-0.9872647246934336,0.24208598668302111
1.5641167110342973,-1.9129624597926476,0.3438007059375433
1.8925606062900375,-1.6415589829970552,0.3143942169656135
2.1659157063048795,-1.3336339055674955,0.28306352809301044
4.040915478438316,1.0541975094087803,0.8134205972825403
4.347872886711111,1.1602181090883037,1.0357036830994155
3.4906371451813163,0.2160551494443062,0.452250122828634
3.783615589407333,0.4280422819072202,0.5859865652576003
4.034448878120617,0.6716508391315978,0.7484459048173909
4.61619928052685,1.0407703651041627,1.2108404460065312
5.072869968972606,1.743208981593401,1.7394007865561374
4.835794887261349,1.3888391565633869,1.4583414289925607
1.231319347993877,-2.2420551319638475,0.42905740504181056
0.6560937418991258,-2.754400049386755,0.6112499095131151
0.43594395892957716,-3.928253131666227,1.2162822587752793
0.5972045566307069,-3.1669080221513157,0.7644976061966552
0.5301058835303033,-3.543529242026406,0.9661264923062282
1.0547248836107703,-2.60862123713487,0.585428857775602
1.6405065838432094,-2.311982569323079,0.5453038836093259
0.7696715321855835,-4.136770378406521,1.3958347845411367
1.0702057466686072,-4.3513380913260455,1.5984141015475541
0.9949414873274144,-4.664094978791504,1.8419185932999944
0.8920846549586346,-4.97401625669252,2.1109504380014226
0.7412114684548339,-5.261183877732744,2.3879756667211307
2.4846414973123276,-1.4063947290171963,0.39235596743972573
3.240376574896668,-0.012695551151039439,0.3460197106356719
2.996737154270895,-0.2129576521297767,0.25027657781228546
2.859223918676118,-0.5465717430035569,0.2527245168937519
2.7079721611849568,-0.8292945642180255,0.27722615055821703
2.7607102374238064,-1.1445911854344293,0.3943014325125837
1.9413332029296149,-2.061341147061925,0.49402915440490563
2.2417237158887016,-1.7716292177448054,0.45355948822394715
3.5146188440232775,-0.09686102647919881,0.47905097508748273
2.548748506354763,-1.761447353775953,0.5454900779084239
4.362973042695997,0.7447122381161045,0.9712443623366457
3.8261939111534073,0.08811345176346148,0.6040316638589404
4.1774181064802764,0.3473647429139638,0.8110309306036204
4.710729362912399,0.6947401242615748,1.231545774597456
4.94823000062025,0.9772998419842116,1.4702579503463797
5.208239332838761,1.3213313207993906,1.7521832584533945
1.4055090308915397,-2.5404214256255018,0.5993748165072328
0.9867069238027099,-3.0286352519945607,0.7345505110605721
0.8532872080247966,-3.7899363477107673,1.1498043898321815
0.9382419422630555,-3.4244987419718056,0.925858108944709
1.3544407602522313,-2.870103007406478,0.7080845617557604
1.6977219882892065,-2.6609345899359913,0.6751281971927754
1.9711542146400625,-2.4421464257008205,0.6430714612872513
1.1606918311414824,-4.0216892611160615,1.3559642513150871
1.4220979488712775,-4.246479279403748,1.5744659392930596
1.34791631183599,-4.568697970376607,1.819651222039324
1.259250398250029,-4.883686767314173,2.079452860564441
1.157400635298514,-5.187190061761372,2.365044773635473
2.813754262079828,-1.4940802033303564,0.5379670878667947
3.0351288889917174,-1.2374406802171252,0.5290557883255931
3.301590990140763,-0.45305215224587736,0.4380572758800541
3.0895443213756137,-0.8695650810202974,0.44663292695547785
2.3770409309977976,-2.1550063728371116,0.6309861889258254
2.665967174938222,-2.014469507402765,0.6458431814573594
3.767374480637802,-0.39237316140179157,0.6210920686667604
2.9245476115026414,-1.8786031148500184,0.6712110063613145
4.508891259855812,0.4216743045053778,1.0432711553077436
4.076138940818443,-0.09162743849931082,0.7495537732632164
4.460752072798561,0.014773388587065579,1.0050235130742236
4.761683014603593,0.2672536880955054,1.2414628318201435
5.03547944540911,0.5797787860331803,1.4964813217195798
5.306897217062338,0.8875832188530924,1.767919080979379
1.3574286227684347,-3.234423584000213,0.8748576968143863
1.3719640538619604,-3.6581812175397554,1.130737952718379
1.520972677031464,-3.9874265643551214,1.3942814450585899
1.6969970567531296,-3.051098480291702,0.8403608418202296
1.72694488594581,-3.408316528975036,1.0430652633077722
2.0036887870080426,-2.832976295761009,0.7974040948820981
2.2748368697966597,-2.620644296471401,0.7663376410040312
2.6008935716616777,-2.507738689325514,0.8040712200058284
1.7914830570096691,-4.105749213613216,1.5467160554537018
1.7336204610021317,-4.433767430269136,1.79417734504088
1.6678397427075597,-4.756250188858137,2.0499054146720774
1.5872767530056056,-5.074378723061652,2.335233650543356
3.3737623862883837,-1.1419093640981037,0.6081967196687343
3.192428266977357,-1.506222464594756,0.6417510636888872
3.521165491320978,-0.781073519271536,0.5861569514219682
3.908645907903606,-0.7217156579134598,0.7418302981473682
2.783226387997346,-2.2721347982761624,0.7644138152470975
1.8764731448706038,-3.7492244993823363,1.3021774775022765
2.0111728361739214,-4.924569386232825,2.302181134172241
2.1116712285648966,-4.002149091241529,1.555620864581051
4.206136428315012,-0.41312997427307674,0.8636875707989987
4.78891733964887,-0.10581236396095069,1.2706400644483538
3.379655308768838,-1.9111933482742736,0.8399039427260976
3.1023233083901194,-2.2014166983433645,0.8426200483067969
4.560787604503563,-0.34684258533305706,1.1042235691419562
5.067301650160074,0.14010575286220928,1.5072405914600864
5.3688617590985785,0.44592367853109455,1.7870283300825316
2.089296263146041,-3.189771853057795,0.9996754568522254
2.0910411901766524,-3.488357493358488,1.1820209176226517
2.34436544538764,-3.0007525933462205,0.9661018459369003
2.596761685692163,-2.7914376813493216,0.9344352553763337
2.8003576445550413,-2.57069950574229,0.8960122763059288
2.0578837470541065,-4.591178504469017,2.0152720132403186
2.0807199649891066,-4.266027835985905,1.7545076823520382
3.7421396399748095,-1.1108265913546844,0.7476994616932692
4.181259639515822,-0.7986313194816779,0.9197788900619208
4.033961392589655,-1.0105181530551461,0.8804254029895665
3.5873704056714097,-1.4865988364948353,0.7835533847480757
4.009277632924324,-1.364226718765452,0.9647378770724205
3.046180560703732,-2.4712596194009393,0.9391758992164106
2.324233065692402,-3.7536107877474083,1.43734920467969
2.421444159809256,-4.739635347411843,2.269912470755649
2.446514829596248,-4.057157664613123,1.7102882967510358
4.464284656183104,-0.6700234624721002,1.0856422530262317
5.074144383354013,-0.2810256180499982,1.5376180895622422
4.764067811270135,-0.5103647101066531,1.2939086019745683
3.7837792680352997,-1.761441498702537,0.9763135718402748
3.677317125372527,-2.0961683722901427,1.0587589496716021
3.397478890778967,-2.346503575719475,1.0352015739527092
5.390724216541744,-6.703565215793512E-4,1.8089445916216003
2.438209432481946,-3.353132153284765,1.2009045083787806
2.646683676935814,-3.0295682657451697,1.0803332119585543
2.961513462965933,-2.819217576428012,1.079934746192439
3.258543839674842,-2.6580756239355496,1.1227445473046178
2.4398692944012947,-4.391288362933403,1.9785557260296383
4.326827862564607,-1.073767352599855,1.0843307266389202
4.3293698222281245,-1.4227844849859912,1.1911105412896776
4.152577195492306,-1.723673128290453,1.1813049769046151
2.725744828004858,-3.5679817895077646,1.4497341675393154
2.722121210089711,-3.8413899513361596,1.650026741675504
2.8148654926962586,-4.520953881571851,2.239711686010921
2.80242783688867,-4.1591529747139395,1.9334179582593578
4.690548849197814,-0.8864082535433527,1.305666766633015
5.370804117082631,-0.45702629007232676,1.8332665851325094
5.0265951520362915,-0.7168617817060314,1.5617578959458802
3.9874350167312564,-2.0384195075852856,1.2092163008338677
3.7599654555963564,-2.387344251551358,1.2425322515708732
3.5707029877950744,-2.650013826741939,1.273107973737555
4.634649067861675,-1.2399881899776457,1.3616970302694467
4.49025225789752,-1.657310305212564,1.3958850050464162
2.919069864777584,-3.2545969625970397,1.3197126618116695
3.277082189403534,-2.9610545903359817,1.3005968465393865
4.327716358279843,-2.005180973350125,1.4241733705819994
3.084817691110746,-3.5815562787375925,1.6180900785693166
3.124626181835512,-3.9158058500267594,1.8876060169698061
3.189154936460122,-4.270457681014942,2.2056549301636625
3.653433363798545,-2.9970452096213993,1.5239285992631684
4.962210513214796,-1.093553687532046,1.5934952761101948
5.310761344683762,-0.9088909705458117,1.8609260420058005
4.129729868132281,-2.3452094601928475,1.4499961985807353
3.901140769812653,-2.6702670533050648,1.4781835597136934
4.83961597437395,-1.514427567411872,1.6217266835331736
4.682869713261119,-1.928408777528249,1.6599623058120516
3.3563732882800377,-3.296125166241632,1.5535110726285923
4.5040159091170375,-2.313917906472381,1.7027926158681164
3.475845911270715,-3.639752405365695,1.860610035879408
3.5408305465442473,-3.9899252920645845,2.16561250254723
3.7532012476202254,-3.3570445615793343,1.8188636125299997
4.039067922440203,-3.012870679066446,1.7726155761397189
5.210344048987422,-1.3538507041911425,1.891573384955229
4.287694651361202,-2.6741546171129067,1.7379908068087941
5.071623144508684,-1.7866062694872313,1.9249300201556883
4.685799604488287,-2.6055950148609637,1.999215581103644
4.895979691487503,-2.204700290353407,1.9611368870973271
3.8684814339588582,-3.6811886407185406,2.122912470891619
4.170051280360464,-3.345998044095885,2.080152247450481
4.44309112426048,-2.9866680166878177,2.0385786140102904
-4.709571452187129,3.1044321205153347,1.7604013081066434
-4.774970026725699,3.3851760179762604,1.9266015806575727
-5.023856594540445,3.0179506140111267,1.9479559170768264
-4.78192254188557,2.857066146808421,1.7124935431147308
-4.969832729803841,2.680208875726497,1.7842098715479273
-5.242406931827369,2.6318552906193897,1.973177398631092
-5.428394133901998,2.2294322282789434,2.0015893679712113
-5.063716960620281,2.351083559566001,1.7482417412608164
-4.47494347695634,3.316637018129481,1.6965018059901011
-4.497343852373721,3.7313879456397396,1.907637691869099
-4.2197245840849185,3.6628434186523338,1.7030715980078222
-4.193440111393995,4.054506480142718,1.8925125665154685
-5.581277978201657,1.8132831142953243,2.0324865701303447
-5.227015598122702,1.9674929297199892,1.7756942772211837
-3.9156618420883227,3.985311249336934,1.6994203569746709
-3.866019570017863,4.353447623461549,1.8815802197932339
-3.5795424158944438,4.279490889486738,1.6945524800151757
-3.5175375431562954,4.627344628024841,1.8736779095868652
-5.384917056808467,1.567613265271887,1.8252879247236946
-5.6980537541789635,1.3908919699000928,2.0651530421195545
-5.495666369330274,1.1472191895731538,1.866620114874732
-5.777708021082722,0.9693170274078232,2.098592664127764
-5.560102189949216,0.7225627277346803,1.9004855896010253
-5.822235523564933,0.560689056902406,2.1327127762652602
-3.2194436492207226,4.545292042275857,1.6919566159431179
-3.149713816671628,4.8741017509776094,1.8704535063027852
-2.8446031433488366,4.780302971003261,1.6928810294430041
-2.7647406323911787,5.0933793462190184,1.8710975844025564
-5.835299354473654,0.17139292520366955,2.1638708254891577
-5.587105686785202,0.3151263877106112,1.933508657908788
-5.652690381233556,-0.006403605985201515,2.0186509605040928
-5.821542001731554,-0.19626538535697385,2.1937013753288586
-5.552980521810028,-0.32479357918058877,1.9755490906559967
-5.784184688137141,-0.5467844265149381,2.222030641877468
-2.4521038412880625,4.986856217581168,1.6987593944481432
-2.3657681856315964,5.28487084713719,1.8760990338622243
-2.042647824489325,5.16255611442109,1.7062329712397035
-1.9543354129902724,5.447313712814514,1.8846847014476709
-5.52717525029288,-0.6921300362919625,2.025636343409895
-5.7253123886416635,-0.8886868049428958,2.2488782289536045
-1.6255408212480866,5.30508169089765,1.716956757632716
-1.53258562141452,5.580638993280481,1.8977237077949674
-5.646345133992411,-1.2186084998996372,2.2750471352701256
-5.447173194420544,-1.0522276469777083,2.050011736530772
-5.442425430054245,-1.356594909216165,2.1426351441126528
-5.54838035766527,-1.5382295662331518,2.30052776115641
-5.300673681472669,-1.6341200148556947,2.124616931983305
-5.43099040772763,-1.851044787002406,2.325349358173141
-1.1984600546208508,5.417733603343342,1.7311807618349648
-1.1029853789714292,5.684552610214121,1.9140461223249015
-0.7620459220164347,5.491216125854148,1.742426288161692
-0.667473175268522,5.75871460333938,1.9339258766418164
-5.165343495097825,-2.0039077232593954,2.1688754121994553
-5.282638839689758,-2.1811955114984403,2.350267773268846
-0.22804871455133127,5.803180205416597,1.956783057094194
-0.3442063706079119,5.517998434290556,1.7454738697334016
-0.018155280824017645,5.5919523176960935,1.8025356280150227
0.21324410463890117,5.817584957653925,1.982059776432261
-5.106262919160138,-2.5122945576160456,2.374976305890202
-4.981651615074152,-2.3368888217166663,2.1812955492837074
-4.863862919271518,-2.626799063252016,2.2443521388872343
0.22135559371420152,5.520347481116338,1.7609942725653862
0.46286491023579773,5.581197098058056,1.8237563163136692
0.6501882505431754,5.802300966069592,2.0091973421084086
0.7651379640886794,5.480498049802184,1.783665449865458
1.085040403589315,5.757612064562114,2.0387388231258603
-4.903444846904607,-2.837635986317559,2.398757096185061
-4.678359732933469,-2.8820397481684488,2.2513244560353094
1.1862541647585545,5.426324867739769,1.8109465078035394
1.5156683630561376,5.6836780627782755,2.070585096525072
-4.671255311146307,-3.158453256723103,2.4213978918032715
-4.439426159841573,-3.2077245773768133,2.2822629547662436
-4.406200065590262,-3.4750849373716597,2.443158796910669
1.6196105597444026,5.337692435209393,1.840420676188945
1.940051702071801,5.580864016964034,2.104897834206761
-4.220896778888324,-3.4691556100605463,2.308278409953073
-4.110616999336965,-3.779990300601527,2.463975122321361
2.05939748490606,5.213310510913579,1.8730514371242453
2.35639962738265,5.4491841986229925,2.141287945566058
-3.785048221495917,-4.069963753166104,2.484115362500449
2.762565706932769,5.289395674452072,2.179730116377857
2.523001120105603,4.995989053306075,1.8792083192849633
2.909176771993183,4.979733102468052,2.0229697755520704
3.156454565371155,5.101496820448232,2.219717801061224
-3.4489667532321073,-4.328228179471818,2.501810200610589
2.8673513991319743,4.724416754156182,1.8339414811724988
3.2109332421328007,4.786331389083887,2.0290390734269192
3.536232159718508,4.886862066059445,2.260941280953842
-3.1208193259364703,-4.546858178958696,2.5151655130064166
3.2291097421320885,4.510639948837087,1.8584356886954139
3.543401232953946,4.582844504240097,2.062445201402035
3.8995801787392366,4.6451040434421875,2.3023037957467256
-2.8048197802228128,-4.729907722807216,2.5245996347093382
-2.499576584311938,-4.884071907576219,2.532910064691843
-2.2026212084964483,-5.014549200298828,2.541708792490747
3.571954912102466,4.243261957875543,1.8653300021842514
3.8933431707368467,4.317670839043781,2.0900017204504544
4.24464287683035,4.37817433920664,2.3439111543958746
-1.9118194455428033,-5.12503137560622,2.5508473190816168
-1.6238377661005006,-5.218700003579752,2.5597638382055576
3.89738837346561,3.967221897913542,1.8840505446011855
4.231708913191515,4.019334281343209,2.1188987723312547
4.569313956639031,4.086371467098861,2.38464307732259
-1.3360857203619003,-5.297291406779648,2.5681396668699716
4.221878194949088,3.654376681084003,1.9085004932256673
4.527369960814331,3.6919955608277295,2.132140925003809
4.871399961457791,3.7707793109777072,2.4244236925487743
-1.046462061787519,-5.362262109453916,2.5758001226463083
-0.7514238347107259,-5.414103429142468,2.582967568336634
4.5139158582935845,3.284794851325999,1.9131156259705568
5.149231087258398,3.4335003130368342,2.462582933781846
4.80652708741959,3.3528217353134595,2.156586865249628
-0.44672927317462763,-5.452933090886742,2.5895296288976586
5.090766550027875,3.100345841701391,2.254126600363443
5.400013438667115,3.075179174290947,2.4986654723172173
4.834372338380172,2.8975467407426163,1.964933498293284
5.242268446397618,2.700041605278506,2.204444107226049
-0.1284858351961592,-5.477902357421433,2.59548008804835
5.622921176839042,2.6981978333455054,2.532369485570797
5.5252166074021165,2.375784609492555,2.323898450641215
5.020383092546519,2.423726638425981,1.9167968713027737
5.293451804212815,2.3156368674694097,2.1023300348820104
5.45326596271537,2.0973711365115637,2.1676738242705116
0.21406872101346527,-5.487229863128396,2.600483131286763
5.8150300448143355,2.304647988709691,2.5637126971640574
5.682645784778463,2.0226593583447605,2.3508877855155177
5.193797876907158,1.9982238112431117,1.9133166631301752
5.504505906650511,1.7757015040483906,2.119419941702241
5.975171144019103,1.8966329218127114,2.5918897263187493
0.5845840970314621,-5.4769470871985835,2.605050302693721
5.813303565949224,1.6163798610688616,2.365506566337416
5.349913334731258,1.5926618063108589,1.9356975683102065
5.640299653244179,1.3860773546347889,2.153545399500766
6.101649406058768,1.4765368304427438,2.6174142555896283
0.983227714613111,-5.441799011115896,2.6088460948032277
1.4043420545288692,-5.377679823921372,2.612086054776683
5.935589992763099,1.1990675907873958,2.402200665346049
5.482616475930159,1.1683688120026077,1.9676233988155716
5.756388940725962,0.982378981344442,2.196770718933774
6.192751308180842,1.0467026311931158,2.6394378103509855
1.8288345166223712,-5.28326233840739,2.6150214571566135
2.00645657043206,-5.088679607289504,2.4640816171739632
6.009299678762959,0.774688695463357,2.4239947534827806
5.577786973675586,0.7042980939693492,1.9982428646081616
5.808741401236949,0.5489336149321549,2.209859078878122
6.248725457408582,0.6110414476934766,2.658337876933095
2.2524550178513385,-5.158223593230068,2.6174610401539944
2.3613924846776735,-4.95067833440281,2.4464984759276516
6.041337950931567,0.3350327010755185,2.436807649513429
5.589439714014685,0.2523913963254486,1.9902329036587212
5.850919236747565,0.19365995528220237,2.2466911228761637
6.26758708853992,0.17167252997648783,2.6739233414782544
2.669428749243558,-5.002604763036936,2.6205248544292834
2.746943935946092,-4.777631704896155,2.4370010712675634
6.017941299143256,-0.05932223312474508,2.425490635401425
5.708484371594008,-0.19822068679235674,2.1270321500779725
6.250139759432475,-0.2740837785011606,2.685813490347589
3.074247558751065,-4.817501724868389,2.627173680069375
3.113756999135057,-4.570402417284862,2.4227152939037535
5.953034349503854,-0.46695568085008987,2.402544830436211
5.639450005174577,-0.6828751174410401,2.1264825552040008
6.1942915941721175,-0.7166490577525266,2.693632098049411
3.4647061862300896,-4.603853783403195,2.6385825059967454
3.4886585466997437,-4.33431454992038,2.4186276870371652
5.843239789627135,-0.9200979535973264,2.37664579612539
5.519662677465714,-1.1512958404956977,2.1183466521271512
6.101607787151214,-1.153011507941354,2.698139374534026
3.8387368440711933,-4.3627489306377125,2.65062701521688
3.8807891516529938,-4.026483940367085,2.3980987185921028
5.739862405136582,-1.3561812714072161,2.3923160285097462
5.415524458053052,-1.6423938586119065,2.1799651594046696
4.746655797297765,-2.9329401466936407,2.2383447356379857
5.184546875377991,-2.1057615428455696,2.1627664851153927
4.997396197782424,-2.5337947967985874,2.215077107527996
5.972729227155874,-1.5802051299660296,2.7002490093252125
4.193993155092926,-4.094422229080142,2.659659319879119
4.249495959472374,-3.6387281300650756,2.343907088204791
4.47199519117584,-3.2872607371769846,2.2555322073682427
5.696043948936779,-1.7369117014004192,2.4829460636184955
5.475291787075016,-2.0785314991870543,2.415614130367374
5.06336698740577,-2.86317328299138,2.458451127514355
4.808585878229548,-3.189015812229139,2.450706479506876
5.28264775500217,-2.4715637188493167,2.4306647674642323
5.809093597479119,-1.9947559998120266,2.699027082858102
4.580491599028263,-3.4754829854591187,2.467949153818585
4.528452672310434,-3.800741313985106,2.66778443065388
4.839605902849162,-3.481765352328734,2.675079652093714
5.611722625627865,-2.3946971367198744,2.695317869121269
5.383073579799256,-2.777035432907257,2.6901497491999895
5.125053909941287,-3.1400940827721087,2.683179815655977
