;-7,000;-6,900;-6,800;-6,700;-6,600;-6,500;-6,400;-6,300;-6,200;-6,100;-6,000;-5,900;-5,800;-5,700;-5,600;-5,500;-5,400;-5,300;-5,200;-5,100;-5,000;-4,900;-4,800;-4,700;-4,600;-4,500;-4,400;-4,300;-4,200;-4,100;-4,000;-3,900;-3,800;-3,700;-3,600;-3,500;-3,400;-3,300;-3,200;-3,100;-3,000;-2,900;-2,800;-2,700;-2,600;-2,500;-2,400;-2,300;-2,200;-2,100;-2,000;-1,900;-1,800;-1,700;-1,600;-1,500;-1,400;-1,300;-1,200;-1,100;-1,000;-0,900;-0,800;-0,700;-0,600;-0,500;-0,400;-0,300;-0,200;-0,100;0,000;0,100;0,200;0,300;0,400;0,500;0,600;0,700;0,800;0,900;1,000;1,100;1,200;1,300;1,400;1,500;1,600;1,700;1,800;1,900;2,000;2,100;2,200;2,300;2,400;2,500;2,600;2,700;2,800;2,900;3,000;3,100;3,200;3,300;3,400;3,500;3,600;3,700;3,800;3,900;4,000;4,100;4,200;4,300;4,400;4,500;4,600;4,700;4,800;4,900;5,000;5,100;5,200;5,300;5,400;5,500;5,600;5,700;5,800;5,900;6,000;6,100;6,200;6,300;6,400;6,500;6,600;6,700;6,800;6,900;7,000;
7,000;;;;;;;;;;;;;;;;;;;;;;;;;;;;;;;;;;;;;;;;;;;;;;;;;;;;;;;;;;;;;;;;;;;;;;;;;;;;;;;;;;;;;;;;;;;;;;;;;;;;;;;;;;;;;;;;;;;;;;;;;;;;;;;;;;;;;;;;;;;;;;
6,900;;;;;;;;;;;;;;;;;;;;;;;;;;;;;;;;;;;;;;;;;;;;;;;;;;;;;;;;;;;;;;;;;;;;;;;;;;;;;;;;;;;;;;;;;;;;;;;;;;;;;;;;;;;;;;;;;;;;;;;;;;;;;;;;;;;;;;;;;;;;;;
6,800;;;;;;;;;;;;;;;;;;;;;;;;;;;;;;;;;;;;;;;;;;;;;;;;;;;;;;;;;;;;;;;;;;;;;;;;;;;;;;;;;;;;;;;;;;;;;;;;;;;;;;;;;;;;;;;;;;;;;;;;;;;;;;;;;;;;;;;;;;;;;;
6,700;;;;;;;;;;;;;;;;;;;;;;;;;;;;;;;;;;;;;;;;;;;;;;;;;;;;;;;;;;;;;;;;;;;;;;;;;;;;;;;;;;;;;;;;;;;;;;;;;;;;;;;;;;;;;;;;;;;;;;;;;;;;;;;;;;;;;;;;;;;;;;
6,600;;;;;;;;;;;;;;;;;;;;;;;;;;;;;;;;;;;;;;;;;;;;;;;;;;;;;;;;;;;;;;;;;;;;;;;;;;;;;;;;;;;;;;;;;;;;;;;;;;;;;;;;;;;;;;;;;;;;;;;;;;;;;;;;;;;;;;;;;;;;;;
6,500;;;;;;;;;;;;;;;;;;;;;;;;;;;;;;;;;;;;;;;;;;;;;;;;;;;;;;;;;;;;;;;;;;;;;;;;;;;;;;;;;;;;;;;;;;;;;;;;;;;;;;;;;;;;;;;;;;;;;;;;;;;;;;;;;;;;;;;;;;;;;;
6,400;;;;;;;;;;;;;;;;;;;;;;;;;;;;;;;;;;;;;;;;;;;;;;;;;;;;;;;;;;;;;;;;;;;;;;;;;;;;;;;;;;;;;;;;;;;;;;;;;;;;;;;;;;;;;;;;;;;;;;;;;;;;;;;;;;;;;;;;;;;;;;
6,300;;;;;;;;;;;;;;;;;;;;;;;;;;;;;;;;;;;;;;;;;;;;;;;;;;;;;;;;;;;;;;;;;;;;;;;;;;;;;;;;;;;;;;;;;;;;;;;;;;;;;;;;;;;;;;;;;;;;;;;;;;;;;;;;;;;;;;;;;;;;;;
6,200;;;;;;;;;;;;;;;;;;;;;;;;;;;;;;;;;;;;;;;;;;;;;;;;;;;;;;;;;;;;;;;;;;;;;;;;;;;;;;;;;;;;;;;;;;;;;;;;;;;;;;;;;;;;;;;;;;;;;;;;;;;;;;;;;;;;;;;;;;;;;;
6,100;;;;;;;;;;;;;;;;;;;;;;;;;;;;;;;;;;;;;;;;;;;;;;;;;;;;;;;;;;;;;;;;;;;;;;;;;;;;;;;;;;;;;;;;;;;;;;;;;;;;;;;;;;;;;;;;;;;;;;;;;;;;;;;;;;;;;;;;;;;;;;
6,000;;;;;;;;;;;;;;;;;;;;;;;;;;;;;;;;;;;;;;;;;;;;;;;;;;;;;;;;;;;;;;;;;;;;;;;;;;;;;;;;;;;;;;;;;;;;;;;;;;;;;;;;;;;;;;;;;;;;;;;;;;;;;;;;;;;;;;;;;;;;;;
5,900;;;;;;;;;;;;;;;;;;;;;;;;;;;;;;;;;;;;;;;;;;;;;;;;;;;;;;;;;;;;;;;;;;;;;;;;;;;;;;;;;;;;;;;;;;;;;;;;;;;;;;;;;;;;;;;;;;;;;;;;;;;;;;;;;;;;;;;;;;;;;;
5,800;;;;;;;;;;;;;;;;;;;;;;;;;;;;;;;;;;;;;;;;;;;;;;;;;;;;;;;;;;;;;;;;;;;;;;;;;;;;;;;;;;;;;;;;;;;;;;;;;;;;;;;;;;;;;;;;;;;;;;;;;;;;;;;;;;;;;;;;;;;;;;
5,700;;;;;;;;;;;;;;;;;;;;;;;;;;;;;;;;;;;;;;;;;;;;;;;;;;;;;;;;;;;;;;;;;;;;;;;;;;;;;;;;;;;;;;;;;;;;;;;;;;;;;;;;;;;;;;;;;;;;;;;;;;;;;;;;;;;;;;;;;;;;;;
5,600;;;;;;;;;;;;;;;;;;;;;;;;;;;;;;;;;;;;;;;;;;;;;;;;;;;;;;;;;;;;;;;;;;;;;;;;;;;;;;;;;;;;;;;;;;;;;;;;;;;;;;;;;;;;;;;;;;;;;;;;;;;;;;;;;;;;;;;;;;;;;;
5,500;;;;;;;;;;;;;;;;;;;;;;;;;;;;;;;;;;;;;;;;;;;;;;;;;;;;;;;;;;;;;;;;;;;;;;;;;;;;;;;;;;;;;;;;;;;;;;;;;;;;;;;;;;;;;;;;;;;;;;;;;;;;;;;;;;;;;;;;;;;;;;
5,400;;;;;;;;;;;;;;;;;;;;;;;;;;;;;;;;;;;;;;;;;;;;;;;;;;;;;;;;;;;;;;;;;;;;;;;;;;;;;;;;;;;;;;;;;;;;;;;;;;;;;;;;;;;;;;;;;;;;;;;;;;;;;;;;;;;;;;;;;;;;;;
5,300;;;;;;;;;;;;;;;;;;;;;;;;;;;;;;;;;;;;;;;;;;;;;;;;;;;;;;;;;;;;;;;;;;;;;;;;;;;;;;;;;;;;;;;;;;;;;;;;;;;;;;;;;;;;;;;;;;;;;;;;;;;;;;;;;;;;;;;;;;;;;;
5,200;;;;;;;;;;;;;;;;;;;;;;;;;;;;;;;;;;;;;;;;;;;;;;;;;;;;;;;;;;;;;;;;;;;;;;;;;;;;;;;;;;;;;;;;;;;;;;;;;;;;;;;;;;;;;;;;;;;;;;;;;;;;;;;;;;;;;;;;;;;;;;
5,100;;;;;;;;;;;;;;;;;;;;;;;;;;;;;;;;;;;;;;;;;;;;;;;;;;;;;;;;;;;;;;;;;;;;;;;;;;;;;;;;;;;;;;;;;;;;;;;;;;;;;;;;;;;;;;;;;;;;;;;;;;;;;;;;;;;;;;;;;;;;;;
5,000;;;;;;;;;;;;;;;;;;;;;;;;;;;;;;;;;;;;;;;;;;;;;;;;;;;;;;;;;;;;;;;;;;;;;;;;;;;;;;;;;;;;;;;;;;;;;;;;;;;;;;;;;;;;;;;;;;;;;;;;;;;;;;;;;;;;;;;;;;;;;;
4,900;;;;;;;;;;;;;;;;;;;;;;;;;;;;;;;;;;;;;;;;;;;;;;;;;;;;;;;;;;;;;;;;;;;;;;;;;;;;;;;;;;;;;;;;;;;;;;;;;;;;;;;;;;;;;;;;;;;;;;;;;;;;;;;;;;;;;;;;;;;;;;
4,800;;;;;;;;;;;;;;;;;;;;;;;;;;;;;;;;;;;;;;;;;;;;;;;;;;;;;;;;;;;;;;;;;;;;;;;;;;;;;;;;;;;;;;;;;;;;;;;;;;;;;;;;;;;;;;;;;;;;;;;;;;;;;;;;;;;;;;;;;;;;;;
4,700;;;;;;;;;;;;;;;;;;;;;;;;;;;;;;;;;;;;;;;;;;;;;;;;;;;;;;;;;;;;;;;;;;;;;;;;;;;;;;;;;;;;;;;;;;;;;;;;;;;;;;;;;;;;;;;;;;;;;;;;;;;;;;;;;;;;;;;;;;;;;;
4,600;;;;;;;;;;;;;;;;;;;;;;;;;;;;;;;;;;;;;;;;;;;;;;;;;;;;;;;;;;;;;;;;;;;;;;;;;;;;;;;;;;;;;;;;;;;;;;;;;;;;;;;;;;;;;;;;;;;;;;;;;;;;;;;;;;;;;;;;;;;;;;
4,500;;;;;;;;;;;;;;;;;;;;;;;;;;;;;;;;;;;;;;;;;;;;;;;;;;;;;;;;;;;;;;;;;;;;;;;;;;;;;;;;;;;;;;;;;;;;;;;;;;;;;;;;;;;;;;;;;;;;;;;;;;;;;;;;;;;;;;;;;;;;;;
4,400;;;;;;;;;;;;;;;;;;;;;;;;;;;;;;;;;;;;;;;;;;;;;;;;;;;;;;;;;;;;;;817;817;817;818;818;818;819;819;;;;;;;;;;;;;;;;;;;;;;;;;;;;;;;;;;;;;;;;;;;;;;;;;;;;;;;;;;;;;;;;;;;;;;;;;
4,300;;;;;;;;;;;;;;;;;;;;;;;;;;;;;;;;;;;;;;;;;;;;;;;;;;;;;;811;810;809;808;807;807;806;806;805;805;805;805;806;806;806;807;807;808;809;810;811;812;813;814;;;;;;;;;;;;;;;;;;;;;;;;;;;;;;;;;;;;;;;;;;;;;;;;;;;;;;;;;;;;;;;;;
4,200;;;;;;;;;;;;;;;;;;;;;;;;;;;;;;;;;;;;;;;;;;;;;;;;;;811;808;806;804;802;801;799;798;797;796;795;795;794;794;794;794;794;794;794;794;795;795;796;797;798;799;801;802;804;806;808;810;;;;;;;;;;;;;;;;;;;;;;;;;;;;;;;;;;;;;;;;;;;;;;;;;;;;;;;;;;;;;
4,100;;;;;;;;;;;;;;;;;;;;;;;;;;;;;;;;;;;;;;;;;;;;;;;812;808;805;802;800;797;795;793;791;790;788;787;786;785;784;783;783;782;782;782;782;782;782;783;783;784;785;786;787;789;791;792;794;797;799;802;805;808;812;;;;;;;;;;;;;;;;;;;;;;;;;;;;;;;;;;;;;;;;;;;;;;;;;;;;;;;;;
4,000;;;;;;;;;;;;;;;;;;;;;;;;;;;;;;;;;;;;;;;;;;;;815;811;807;803;800;796;793;791;788;786;784;782;780;778;777;775;774;773;773;772;771;771;771;771;771;771;771;772;773;774;775;776;778;780;782;784;786;789;792;795;798;802;806;810;815;;;;;;;;;;;;;;;;;;;;;;;;;;;;;;;;;;;;;;;;;;;;;;;;;;;;;;
3,900;;;;;;;;;;;;;;;;;;;;;;;;;;;;;;;;;;;;;;;;;;816;811;806;802;798;794;791;788;784;782;779;776;774;772;770;768;767;765;764;763;762;761;761;760;760;760;760;760;761;761;762;763;764;766;767;769;771;774;776;779;782;786;789;793;797;802;806;811;816;;;;;;;;;;;;;;;;;;;;;;;;;;;;;;;;;;;;;;;;;;;;;;;;;;;;
3,800;;;;;;;;;;;;;;;;;;;;;;;;;;;;;;;;;;;;;;;;817;812;807;802;797;793;789;785;782;779;775;772;770;767;765;762;760;759;757;755;754;753;752;751;750;750;750;749;750;750;750;751;752;753;754;756;758;760;762;764;767;770;774;777;781;785;789;794;798;803;809;814;820;;;;;;;;;;;;;;;;;;;;;;;;;;;;;;;;;;;;;;;;;;;;;;;;;;
3,700;;;;;;;;;;;;;;;;;;;;;;;;;;;;;;;;;;;;;;818;813;807;802;797;793;788;784;780;776;773;770;766;763;760;758;755;753;751;749;747;746;744;743;742;741;741;740;740;740;740;740;741;742;742;744;745;747;749;751;753;756;759;762;765;769;773;777;782;786;791;796;802;807;813;819;825;;;;;;;;;;;;;;;;;;;;;;;;;;;;;;;;;;;;;;;;;;;;;;;;
3,600;;;;;;;;;;;;;;;;;;;;;;;;;;;;;;;;;;;;;814;809;803;798;793;788;784;779;775;771;767;764;760;757;754;751;749;746;744;742;740;738;737;735;734;733;732;732;731;731;731;731;731;732;733;734;735;737;738;740;742;745;748;751;754;758;761;765;770;774;779;784;789;795;800;806;812;818;824;831;;;;;;;;;;;;;;;;;;;;;;;;;;;;;;;;;;;;;;;;;;;;;;
3,500;;;;;;;;;;;;;;;;;;;;;;;;;;;;;;;;;;;816;810;804;799;794;789;784;779;775;770;766;762;759;755;752;748;745;743;740;737;735;733;731;730;728;727;726;725;724;723;723;723;723;723;723;724;725;726;727;729;731;733;735;738;740;743;747;750;754;758;763;767;772;777;783;788;794;800;806;812;818;824;831;837;;;;;;;;;;;;;;;;;;;;;;;;;;;;;;;;;;;;;;;;;;;;
3,400;;;;;;;;;;;;;;;;;;;;;;;;;;;;;;;;;;812;806;800;795;789;784;779;775;770;766;761;757;753;750;746;743;740;737;734;732;729;727;725;723;722;720;719;718;717;717;716;716;716;716;716;716;717;718;719;721;722;724;726;728;731;734;737;740;744;748;752;756;761;766;771;776;782;788;793;799;806;812;818;824;831;837;;;;;;;;;;;;;;;;;;;;;;;;;;;;;;;;;;;;;;;;;;;
3,300;;;;;;;;;;;;;;;;;;;;;;;;;;;;;;;;;808;802;796;791;785;780;775;770;766;761;757;753;749;745;741;738;735;732;729;726;724;722;720;718;716;715;713;712;711;710;710;709;709;709;709;710;710;711;712;713;715;716;718;720;722;725;728;731;734;738;742;746;750;755;760;765;770;776;781;787;793;799;805;812;818;824;831;837;843;;;;;;;;;;;;;;;;;;;;;;;;;;;;;;;;;;;;;;;;;
3,200;;;;;;;;;;;;;;;;;;;;;;;;;;;;;;;811;805;799;793;787;781;776;771;766;761;757;752;748;744;740;736;733;730;727;724;721;719;717;715;713;711;710;708;707;706;705;704;704;703;703;703;704;704;705;706;707;708;709;711;713;715;717;720;723;726;729;733;736;740;745;749;754;759;764;770;775;781;787;793;799;805;812;818;824;830;836;842;;;;;;;;;;;;;;;;;;;;;;;;;;;;;;;;;;;;;;;;
3,100;;;;;;;;;;;;;;;;;;;;;;;;;;;;;;808;802;795;789;784;778;772;767;762;757;753;748;744;740;736;732;729;726;723;720;717;715;712;710;708;707;705;703;702;701;700;699;698;698;698;698;698;698;699;700;700;702;703;705;706;708;711;713;716;718;721;725;728;732;735;740;744;749;753;759;764;769;775;781;787;793;799;805;811;817;823;829;835;841;;;;;;;;;;;;;;;;;;;;;;;;;;;;;;;;;;;;;;;
3,000;;;;;;;;;;;;;;;;;;;;;;;;;;;;;806;799;793;786;780;775;769;764;758;753;749;744;740;736;732;728;725;722;719;716;713;711;709;706;704;702;701;699;698;696;695;694;694;693;693;693;693;693;693;694;695;696;697;698;700;702;704;706;709;711;714;717;720;724;727;731;735;739;744;748;753;758;763;769;774;780;786;792;798;804;810;816;822;828;834;840;;;;;;;;;;;;;;;;;;;;;;;;;;;;;;;;;;;;;;
2,900;;;;;;;;;;;;;;;;;;;;;;;;;;;;804;797;790;784;778;772;766;760;755;750;745;741;736;732;728;725;721;718;715;713;710;707;705;703;701;699;697;695;694;692;691;690;689;689;688;688;688;688;688;689;689;690;691;693;694;696;698;700;702;705;707;710;713;717;720;723;727;731;735;739;743;748;753;758;763;768;774;779;785;791;797;803;809;815;821;826;832;837;;;;;;;;;;;;;;;;;;;;;;;;;;;;;;;;;;;;;
2,800;;;;;;;;;;;;;;;;;;;;;;;;;;;803;796;789;782;776;769;764;758;752;747;742;738;733;729;725;722;718;715;712;710;707;705;702;700;698;696;694;692;690;689;688;686;685;685;684;684;683;683;683;684;684;685;686;687;688;690;692;694;696;698;701;704;707;710;713;716;720;723;727;731;735;739;743;748;752;757;762;767;773;778;784;790;795;801;807;813;819;824;830;835;;;;;;;;;;;;;;;;;;;;;;;;;;;;;;;;;;;;
2,700;;;;;;;;;;;;;;;;;;;;;;;;;;803;795;788;781;774;768;762;756;750;745;740;735;731;726;723;719;716;713;710;707;705;702;700;697;695;693;691;689;688;686;684;683;682;681;680;680;679;679;679;679;679;680;681;682;683;684;686;688;690;692;695;697;700;703;706;709;712;716;719;723;727;731;735;739;743;747;752;756;761;766;771;777;782;788;793;799;805;810;816;821;827;832;;;;;;;;;;;;;;;;;;;;;;;;;;;;;;;;;;;
2,600;;;;;;;;;;;;;;;;;;;;;;;;;;795;788;781;774;767;761;754;749;743;738;733;728;724;721;717;714;711;708;705;702;700;698;695;693;691;689;687;685;683;682;680;679;678;677;676;675;675;675;675;675;675;676;677;678;679;680;682;684;686;688;691;693;696;699;702;705;709;712;715;719;723;726;730;734;738;742;746;751;755;760;764;769;775;780;785;791;797;802;808;813;818;824;829;;;;;;;;;;;;;;;;;;;;;;;;;;;;;;;;;;
2,500;;;;;;;;;;;;;;;;;;;;;;;;;797;789;781;774;767;760;754;748;742;737;732;727;723;719;716;712;709;706;704;701;698;696;694;691;689;687;685;683;681;679;678;676;675;674;673;672;671;671;671;671;671;671;672;673;674;675;677;678;680;682;685;687;690;692;695;698;702;705;708;712;715;719;722;726;730;733;737;741;745;749;753;758;762;767;772;777;783;788;794;799;804;810;815;820;825;;;;;;;;;;;;;;;;;;;;;;;;;;;;;;;;;
2,400;;;;;;;;;;;;;;;;;;;;;;;;799;791;783;775;768;761;754;748;742;736;731;726;722;718;715;711;708;705;703;700;697;695;692;690;688;686;683;681;679;678;676;674;673;671;670;669;668;667;667;667;667;667;667;668;669;670;671;673;674;676;678;681;683;686;689;692;695;698;701;704;708;711;714;718;721;725;729;732;736;740;744;747;751;756;760;764;769;774;780;785;790;796;801;806;812;817;822;;;;;;;;;;;;;;;;;;;;;;;;;;;;;;;;
2,300;;;;;;;;;;;;;;;;;;;;;;;803;794;786;778;770;762;755;749;742;736;731;726;722;718;714;711;708;705;702;699;697;694;692;689;687;685;682;680;678;676;674;672;671;669;668;666;665;664;664;663;663;663;663;663;664;665;666;667;669;671;672;675;677;679;682;685;688;691;694;697;700;703;707;710;714;717;720;724;727;731;734;738;742;745;749;753;757;761;766;771;776;782;787;792;798;803;808;813;818;;;;;;;;;;;;;;;;;;;;;;;;;;;;;;;
2,200;;;;;;;;;;;;;;;;;;;;;;;798;790;781;773;765;758;750;744;738;732;727;722;718;715;711;708;705;702;699;697;694;691;689;687;684;682;680;677;675;673;671;669;667;666;664;663;662;661;660;659;659;659;659;660;660;661;662;663;665;667;669;671;673;675;678;681;684;687;690;693;696;699;703;706;709;713;716;719;722;726;729;732;736;739;743;746;750;754;758;763;768;773;778;784;789;794;800;805;810;;;;;;;;;;;;;;;;;;;;;;;;;;;;;;;
2,100;;;;;;;;;;;;;;;;;;;;;;804;794;786;777;769;761;753;746;740;734;728;724;719;715;712;708;705;702;700;697;694;692;689;687;684;682;679;677;675;672;670;668;666;664;662;661;659;658;657;656;656;655;655;655;656;656;657;658;659;661;663;665;667;669;671;674;677;680;683;686;689;692;695;698;702;705;708;711;714;718;721;724;727;730;733;737;740;743;747;751;755;759;764;770;775;780;786;791;797;802;807;;;;;;;;;;;;;;;;;;;;;;;;;;;;;;
2,000;;;;;;;;;;;;;;;;;;;;;810;801;791;782;773;765;757;750;743;736;731;726;721;717;713;710;706;703;700;698;695;692;690;687;684;682;679;677;674;672;670;667;665;663;661;659;658;656;655;654;653;652;652;651;651;652;652;653;654;655;657;659;661;663;665;667;670;673;676;678;681;685;688;691;694;697;700;703;707;710;713;716;719;722;725;728;731;734;737;740;744;748;752;756;761;766;772;777;783;789;794;800;805;;;;;;;;;;;;;;;;;;;;;;;;;;;;;
1,900;;;;;;;;;;;;;;;;;;;;;808;798;788;779;771;762;754;747;740;734;728;724;719;715;711;708;705;702;699;696;693;691;688;685;683;680;677;675;672;669;667;665;662;660;658;656;654;653;651;650;649;648;648;648;648;648;648;649;650;651;653;655;656;659;661;663;666;668;671;674;677;680;683;686;690;693;696;699;702;705;708;711;714;716;719;722;725;728;731;734;737;741;744;748;753;758;764;769;775;781;786;792;798;;;;;;;;;;;;;;;;;;;;;;;;;;;;;
1,800;;;;;;;;;;;;;;;;;;;;816;806;796;786;777;768;760;752;745;738;732;727;722;718;714;710;707;704;701;698;695;692;689;686;684;681;678;675;672;670;667;664;662;659;657;655;653;651;649;648;647;646;645;644;644;644;644;644;645;646;647;649;650;652;654;657;659;662;664;667;670;673;676;679;682;685;688;691;694;697;700;703;706;709;711;714;717;720;722;725;728;731;734;738;741;746;750;756;761;767;773;779;785;791;797;;;;;;;;;;;;;;;;;;;;;;;;;;;;
1,700;;;;;;;;;;;;;;;;;;;;814;804;794;785;775;766;758;750;743;737;731;726;721;717;713;709;706;703;700;697;694;691;688;685;682;679;676;673;670;668;665;662;659;657;654;652;650;648;646;644;643;642;641;640;640;640;640;640;641;642;643;645;646;648;650;652;655;657;660;663;666;669;672;675;678;681;684;687;690;693;696;699;701;704;707;709;712;714;717;720;722;725;728;732;735;739;743;748;754;760;766;772;778;784;791;;;;;;;;;;;;;;;;;;;;;;;;;;;;
1,600;;;;;;;;;;;;;;;;;;;824;814;803;793;783;774;765;757;749;742;736;730;725;721;716;712;709;705;702;699;696;693;690;687;684;680;677;674;671;668;665;662;659;657;654;651;649;647;644;643;641;639;638;637;637;636;636;636;636;637;638;639;640;642;644;646;648;651;653;656;659;661;664;667;670;674;677;680;683;686;689;691;694;697;700;702;705;707;710;712;715;717;720;723;726;729;733;737;742;747;753;759;765;772;778;785;791;;;;;;;;;;;;;;;;;;;;;;;;;;;
1,500;;;;;;;;;;;;;;;;;;;824;813;803;792;783;773;764;756;748;742;735;730;725;720;716;712;708;705;701;698;695;692;689;685;682;679;676;673;669;666;663;660;657;654;651;648;646;643;641;639;637;636;635;634;633;632;632;632;632;633;634;635;636;638;640;642;644;646;649;652;654;657;660;663;666;669;672;676;679;681;684;687;690;693;695;698;700;703;705;708;710;713;715;718;721;724;728;732;736;741;747;753;759;766;772;779;786;;;;;;;;;;;;;;;;;;;;;;;;;;;
1,400;;;;;;;;;;;;;;;;;;;823;813;802;792;782;773;764;755;748;741;735;730;725;720;716;712;708;705;701;698;694;691;688;684;681;677;674;671;667;664;661;657;654;651;648;645;643;640;638;636;634;632;631;630;629;628;628;628;628;629;630;631;632;634;636;638;640;642;645;647;650;653;656;659;662;665;668;671;675;678;680;683;686;689;691;694;696;699;701;704;706;708;711;714;717;720;723;727;731;736;741;747;754;760;767;774;781;789;;;;;;;;;;;;;;;;;;;;;;;;;;
1,300;;;;;;;;;;;;;;;;;;835;824;813;802;792;782;772;764;755;748;742;736;730;725;720;716;712;708;704;701;697;693;690;686;683;679;676;672;669;665;662;658;655;651;648;645;642;639;637;634;632;630;628;627;626;625;624;624;624;624;625;626;627;628;629;631;633;636;638;641;643;646;649;652;655;658;661;665;668;671;674;677;680;682;685;688;690;693;695;698;700;702;705;707;710;713;716;719;723;727;731;736;743;749;756;763;770;777;785;;;;;;;;;;;;;;;;;;;;;;;;;;
1,200;;;;;;;;;;;;;;;;;;835;824;813;802;792;782;772;764;756;748;742;736;730;725;720;716;712;708;704;700;696;693;689;685;681;678;674;670;667;663;659;655;652;648;645;642;639;636;633;631;628;626;625;623;622;621;620;620;620;620;621;621;622;624;625;627;629;631;634;636;639;642;645;648;651;654;658;661;664;667;670;673;676;679;682;685;687;690;692;695;697;699;702;704;707;710;713;716;719;723;728;732;738;745;752;759;766;774;781;789;;;;;;;;;;;;;;;;;;;;;;;;;
1,100;;;;;;;;;;;;;;;;;847;836;825;813;803;792;782;773;764;756;749;742;736;731;725;721;716;712;707;703;699;695;692;688;684;680;676;672;668;664;660;656;653;649;645;642;638;635;632;629;627;625;622;621;619;618;617;616;616;616;616;616;617;618;620;621;623;625;627;630;632;635;638;641;644;647;651;654;657;661;664;667;670;673;676;679;682;684;687;690;692;694;697;699;702;704;707;710;713;717;721;725;730;735;742;749;756;763;771;779;787;;;;;;;;;;;;;;;;;;;;;;;;;
1,000;;;;;;;;;;;;;;;;;848;836;825;814;803;793;783;773;764;756;749;743;736;731;725;721;716;711;707;703;699;694;690;686;682;678;674;670;666;662;658;654;650;646;642;638;635;632;629;626;623;621;618;617;615;614;613;612;612;611;612;612;613;614;615;617;619;621;623;626;628;631;634;637;641;644;647;651;654;657;661;664;667;670;674;676;679;682;685;687;690;692;695;697;700;703;705;708;711;715;719;723;728;733;739;746;753;761;769;777;785;;;;;;;;;;;;;;;;;;;;;;;;;
0,900;;;;;;;;;;;;;;;;;849;837;826;815;804;793;783;773;765;757;750;743;737;731;725;720;715;711;706;702;698;693;689;685;680;676;672;668;663;659;655;651;647;643;639;635;631;628;625;622;619;617;614;612;611;609;608;608;607;607;607;608;609;610;611;613;615;617;619;622;625;628;631;634;637;641;644;648;651;654;658;661;665;668;671;674;677;680;683;686;688;691;694;696;699;701;704;707;710;714;717;722;726;731;738;744;752;759;767;775;784;793;;;;;;;;;;;;;;;;;;;;;;;;
0,800;;;;;;;;;;;;;;;;;849;838;826;815;804;793;783;774;765;757;750;743;737;731;725;720;715;710;705;701;696;692;687;683;678;674;669;665;661;656;652;648;643;639;635;631;628;624;621;618;615;613;610;608;607;605;604;603;603;603;603;604;605;606;607;609;611;613;615;618;621;624;627;630;634;637;641;645;648;652;656;659;663;666;669;673;676;679;682;685;687;690;693;695;698;701;704;706;710;713;717;721;726;731;737;743;751;758;766;775;783;792;;;;;;;;;;;;;;;;;;;;;;;;
0,700;;;;;;;;;;;;;;;;862;850;838;827;815;804;794;783;774;765;757;750;743;737;731;725;719;714;709;704;700;695;690;685;681;676;672;667;662;658;653;649;644;640;636;632;628;624;620;617;614;611;608;606;604;602;601;600;599;599;599;599;600;600;602;603;605;607;609;612;614;617;621;624;627;631;634;638;642;646;650;653;657;661;664;668;671;675;678;681;684;687;690;692;695;698;701;704;707;710;713;717;721;726;731;737;743;750;758;766;775;783;792;;;;;;;;;;;;;;;;;;;;;;;;
0,600;;;;;;;;;;;;;;;;862;851;839;827;816;804;794;783;774;765;757;750;743;736;730;724;719;713;708;703;698;693;688;683;679;674;669;664;659;655;650;645;641;636;632;628;624;620;616;613;610;607;604;602;600;598;597;596;595;595;595;595;595;596;598;599;601;603;605;608;611;614;617;621;624;628;632;636;640;644;648;652;655;659;663;667;671;674;677;681;684;687;690;693;696;698;701;704;707;711;714;718;722;727;732;737;744;751;759;767;775;784;793;;;;;;;;;;;;;;;;;;;;;;;;
0,500;;;;;;;;;;;;;;;;863;851;839;827;816;804;794;783;774;765;757;749;742;735;729;723;717;712;707;701;696;691;686;681;676;671;666;661;656;651;647;642;637;633;628;624;620;616;612;609;606;603;600;598;596;594;593;592;591;590;590;591;591;592;594;595;597;599;602;605;608;611;614;618;621;625;629;633;638;642;646;650;654;658;662;666;670;674;677;681;684;687;691;694;697;700;702;706;709;712;715;719;723;728;733;739;745;752;760;768;776;785;794;804;;;;;;;;;;;;;;;;;;;;;;;
0,400;;;;;;;;;;;;;;;;863;851;839;827;816;804;793;783;773;765;756;749;741;734;728;722;716;710;705;699;694;689;684;678;673;668;663;658;653;648;643;638;633;629;624;620;616;612;608;605;601;598;596;593;591;590;588;587;587;586;586;587;587;588;590;592;594;596;598;601;604;608;611;615;619;623;627;631;636;640;644;649;653;658;662;666;670;674;678;681;685;688;692;695;698;701;704;707;710;714;717;721;725;730;735;741;747;754;762;770;778;787;796;805;;;;;;;;;;;;;;;;;;;;;;;
0,300;;;;;;;;;;;;;;;;863;851;839;827;815;804;793;782;773;764;755;748;740;733;727;720;714;708;703;697;692;686;681;676;670;665;660;655;650;645;639;635;630;625;620;616;612;608;604;601;597;594;592;589;587;586;584;583;583;582;582;583;584;585;586;588;590;592;595;598;601;605;609;613;617;621;625;630;634;639;643;648;653;657;662;666;670;674;678;682;686;690;693;697;700;703;706;710;713;716;720;724;728;733;738;743;749;756;764;772;780;789;798;808;;;;;;;;;;;;;;;;;;;;;;;
0,200;;;;;;;;;;;;;;;;863;851;839;826;815;803;792;781;772;763;754;746;739;732;725;719;712;706;701;695;689;684;678;673;667;662;657;651;646;641;636;631;626;621;617;612;608;604;600;596;593;590;588;585;583;581;580;579;579;578;578;579;580;581;583;584;587;589;592;595;599;602;606;610;614;619;623;628;633;638;643;647;652;657;662;666;671;675;680;684;688;691;695;699;702;705;709;712;716;719;723;727;731;735;741;746;752;759;767;775;783;792;801;810;;;;;;;;;;;;;;;;;;;;;;;
0,100;;;;;;;;;;;;;;;875;863;850;838;826;814;802;791;780;770;761;753;745;737;730;723;716;710;704;698;692;687;681;675;670;664;659;653;648;643;637;632;627;622;617;613;608;604;600;596;592;589;586;584;581;579;578;576;575;575;575;575;575;576;578;579;581;583;586;589;592;596;600;604;608;613;617;622;627;632;637;642;647;652;657;662;667;672;677;681;685;689;694;697;701;705;708;712;715;719;722;726;730;734;739;744;749;756;762;770;778;786;795;804;814;;;;;;;;;;;;;;;;;;;;;;;
0,000;;;;;;;;;;;;;;;874;862;849;837;825;813;801;789;779;769;760;751;743;735;728;721;714;708;702;696;690;684;678;672;667;661;656;650;645;639;634;629;623;618;614;609;604;600;596;592;589;585;582;580;577;575;574;572;572;571;571;571;572;573;574;576;578;580;583;586;590;594;598;602;606;611;616;621;626;631;636;642;647;653;658;663;668;673;678;683;687;692;696;700;704;708;711;715;718;722;726;730;734;738;742;747;753;759;766;773;781;790;798;807;817;;;;;;;;;;;;;;;;;;;;;;;
-0,100;;;;;;;;;;;;;;;873;861;848;836;823;811;799;788;777;767;758;749;741;733;726;719;712;705;699;693;687;681;675;669;664;658;652;647;641;636;630;625;620;615;610;605;601;596;592;588;585;582;579;576;574;572;570;569;568;568;567;568;568;570;571;573;575;578;581;584;588;591;596;600;605;610;615;620;625;631;636;642;647;653;659;664;669;675;680;685;690;694;699;703;707;711;715;718;722;726;729;733;737;742;746;751;757;763;770;777;785;793;802;811;821;;;;;;;;;;;;;;;;;;;;;;;
-0,200;;;;;;;;;;;;;;;872;859;847;834;822;809;797;786;775;765;756;747;739;731;723;716;709;703;696;690;684;678;672;666;661;655;649;644;638;633;627;622;617;612;607;602;597;593;589;585;581;578;575;573;570;568;567;566;565;564;564;565;565;567;568;570;573;575;578;582;585;589;594;598;603;608;614;619;625;630;636;642;648;654;660;665;671;676;682;687;692;697;701;706;710;714;718;722;726;730;733;737;741;746;750;755;761;767;774;781;789;797;806;815;825;;;;;;;;;;;;;;;;;;;;;;;
-0,300;;;;;;;;;;;;;;;871;858;845;832;820;807;795;784;773;763;754;745;736;728;721;714;707;700;694;687;681;675;669;663;658;652;646;641;635;629;624;619;614;608;604;599;594;590;586;582;578;575;572;569;567;565;564;563;562;561;561;562;563;564;566;568;570;573;576;580;584;588;592;597;602;608;613;619;625;631;637;643;649;655;661;667;673;678;684;689;695;700;704;709;713;718;722;726;730;733;737;741;745;750;754;760;765;771;778;785;793;801;810;819;829;838;;;;;;;;;;;;;;;;;;;;;;
-0,400;;;;;;;;;;;;;;;869;856;843;830;818;805;793;782;771;761;751;742;734;726;718;711;704;697;691;685;678;672;666;661;655;649;643;638;632;627;621;616;611;606;601;596;591;587;583;579;576;572;569;567;564;563;561;560;559;559;559;559;560;562;563;566;568;571;574;578;582;587;591;596;601;607;613;619;625;631;637;643;650;656;662;669;675;681;686;692;697;703;708;712;717;721;725;729;733;737;741;745;750;754;759;764;769;775;782;789;797;805;814;823;833;843;;;;;;;;;;;;;;;;;;;;;;
-0,500;;;;;;;;;;;;;;;867;854;841;828;816;803;791;779;768;758;749;740;731;723;715;708;701;695;688;682;676;670;664;658;652;646;641;635;630;624;619;613;608;603;598;594;589;585;581;577;573;570;567;564;562;560;559;558;557;557;557;557;558;560;562;564;566;570;573;577;581;586;590;596;601;607;613;619;625;631;638;644;651;657;664;670;677;683;689;695;700;706;711;716;720;725;729;733;737;741;745;749;754;758;763;768;773;779;786;793;801;810;818;828;837;847;;;;;;;;;;;;;;;;;;;;;;
-0,600;;;;;;;;;;;;;;;865;852;839;826;813;801;789;777;766;756;746;737;729;721;713;706;699;692;686;679;673;667;661;656;650;644;638;633;627;622;617;611;606;601;596;592;587;583;579;575;571;568;565;563;560;558;557;556;555;555;555;556;557;558;560;562;565;568;572;576;580;585;590;595;601;607;613;619;626;632;639;646;652;659;666;672;679;685;691;697;703;709;714;719;724;728;733;737;741;745;749;753;758;762;767;772;777;784;790;798;805;814;823;832;841;851;;;;;;;;;;;;;;;;;;;;;;
-0,700;;;;;;;;;;;;;;;863;850;837;824;811;798;786;774;764;753;744;735;726;718;710;703;696;690;683;677;671;665;659;653;648;642;637;631;626;620;615;610;605;600;595;590;586;581;577;573;570;567;564;561;559;557;556;555;554;554;554;554;556;557;559;562;564;568;571;575;580;585;590;595;601;607;613;620;626;633;640;647;654;661;668;675;681;688;694;700;706;712;717;722;727;732;736;741;745;749;753;757;761;766;771;776;781;788;794;802;810;818;827;836;846;856;;;;;;;;;;;;;;;;;;;;;;
-0,800;;;;;;;;;;;;;;;860;847;834;821;809;796;784;772;761;751;741;732;724;716;708;701;694;687;681;675;669;663;657;652;646;641;635;630;624;619;614;609;604;599;594;589;585;580;576;573;569;566;563;560;558;556;555;554;553;553;553;554;555;557;559;561;564;567;571;575;580;585;590;596;601;608;614;621;627;634;641;649;656;663;670;677;684;690;697;703;709;715;720;725;730;735;740;744;748;752;757;761;765;770;774;779;785;791;798;806;814;822;831;840;850;;;;;;;;;;;;;;;;;;;;;;;
-0,900;;;;;;;;;;;;;;;858;845;832;819;806;794;782;770;759;749;739;730;721;713;706;699;692;685;679;673;667;661;656;650;645;639;634;629;623;618;613;608;603;598;593;589;584;580;576;572;569;566;563;560;558;556;555;554;553;553;553;554;555;557;559;561;564;567;571;576;580;585;591;596;602;609;615;622;629;636;643;650;658;665;672;679;686;693;699;706;712;718;723;728;733;738;743;747;752;756;760;764;768;773;778;783;789;795;802;809;817;826;835;844;854;;;;;;;;;;;;;;;;;;;;;;;
-1,000;;;;;;;;;;;;;;;;842;829;817;804;792;779;768;757;746;737;728;719;712;704;697;690;684;678;672;666;660;655;649;644;639;634;628;623;618;613;608;603;598;594;589;585;581;577;573;569;566;563;561;559;557;555;554;554;553;554;554;555;557;559;562;565;568;572;576;581;586;592;597;604;610;617;623;630;638;645;652;660;667;674;681;688;695;702;708;715;720;726;731;736;741;746;750;755;759;763;767;772;776;781;786;792;798;805;813;821;830;839;848;858;;;;;;;;;;;;;;;;;;;;;;;
-1,100;;;;;;;;;;;;;;;;840;827;814;802;790;777;766;755;745;735;726;718;710;702;696;689;683;677;671;665;660;654;649;644;639;634;628;623;618;614;609;604;599;595;590;586;582;578;574;571;567;564;562;560;558;556;555;555;554;555;555;557;558;560;563;566;569;573;578;582;588;593;599;605;612;618;625;632;640;647;654;662;669;677;684;691;698;705;711;717;723;729;734;739;744;749;753;757;762;766;770;774;779;784;789;795;802;809;816;825;833;843;852;863;;;;;;;;;;;;;;;;;;;;;;;
-1,200;;;;;;;;;;;;;;;;838;825;812;800;788;776;764;753;743;734;725;716;709;701;694;688;682;676;670;665;659;654;649;644;639;634;629;624;619;615;610;605;601;596;592;587;583;580;576;572;569;566;564;562;560;558;557;557;556;557;557;558;560;562;565;568;571;575;579;584;589;595;601;607;614;620;627;635;642;649;657;664;672;679;686;693;700;707;713;720;726;731;737;742;747;751;756;760;764;768;773;777;782;787;792;798;805;812;820;828;837;846;856;867;;;;;;;;;;;;;;;;;;;;;;;
-1,300;;;;;;;;;;;;;;;;836;823;811;798;786;774;763;752;742;732;724;715;708;701;694;687;681;676;670;665;660;655;650;645;640;635;631;626;621;617;612;607;603;598;594;590;586;582;578;575;572;569;566;564;562;561;560;559;559;559;560;561;562;564;567;570;573;577;582;586;592;597;603;609;616;623;630;637;644;652;659;667;674;681;689;696;703;709;716;722;728;734;739;744;749;753;758;762;766;770;775;779;784;789;795;801;807;815;823;831;840;850;860;871;;;;;;;;;;;;;;;;;;;;;;;
-1,400;;;;;;;;;;;;;;;;834;822;809;797;785;773;762;751;741;732;723;715;707;700;694;687;682;676;671;666;661;656;651;646;642;637;633;628;624;619;614;610;606;601;597;593;589;585;582;578;575;572;570;567;566;564;563;562;562;562;563;564;565;567;570;573;576;580;585;589;594;600;606;612;619;625;632;640;647;654;662;669;677;684;691;698;705;712;718;724;730;736;741;746;751;755;760;764;768;772;777;781;786;791;797;803;810;817;826;834;844;854;864;875;;;;;;;;;;;;;;;;;;;;;;;
-1,500;;;;;;;;;;;;;;;;833;820;808;796;784;773;762;751;741;732;723;715;707;701;694;688;682;677;672;667;662;657;653;648;644;640;635;631;627;622;618;614;609;605;601;597;593;589;586;582;579;576;574;572;570;568;567;566;566;566;567;568;569;571;574;576;580;584;588;593;598;603;609;615;622;628;635;642;650;657;664;672;679;686;694;701;707;714;720;726;732;738;743;748;752;757;761;765;770;774;778;783;788;793;799;805;812;820;828;837;847;857;867;;;;;;;;;;;;;;;;;;;;;;;;
-1,600;;;;;;;;;;;;;;;;;820;807;795;784;773;762;751;741;732;723;715;708;701;695;689;684;678;673;669;664;660;655;651;647;643;639;634;630;626;622;618;613;609;605;601;598;594;590;587;584;581;579;576;574;573;572;571;570;571;571;572;573;575;578;581;584;588;592;596;601;607;613;619;625;632;639;646;653;660;667;675;682;689;696;703;710;716;722;728;734;739;744;749;754;758;763;767;771;775;780;784;789;795;801;807;814;822;831;840;850;860;871;;;;;;;;;;;;;;;;;;;;;;;;
-1,700;;;;;;;;;;;;;;;;;819;807;795;784;773;762;752;742;733;724;717;709;703;697;691;685;680;676;671;667;663;658;654;650;646;642;638;634;630;626;622;618;614;610;607;603;599;596;593;590;587;584;582;580;578;577;576;576;576;576;577;578;580;582;585;588;592;596;601;606;611;617;623;629;635;642;649;656;663;670;677;685;692;699;705;712;718;724;730;735;741;746;750;755;759;764;768;772;776;781;785;791;796;802;809;816;825;834;843;853;864;875;;;;;;;;;;;;;;;;;;;;;;;;
-1,800;;;;;;;;;;;;;;;;;819;807;796;785;774;763;753;743;734;726;718;711;705;699;693;688;683;678;674;670;666;662;658;654;651;647;643;639;635;632;628;624;620;616;612;609;605;602;599;596;593;590;588;586;584;583;582;582;582;582;583;584;586;588;591;594;597;601;606;610;616;621;627;633;639;646;653;660;666;673;680;687;694;701;707;714;720;726;731;737;742;747;751;756;760;764;769;773;777;782;786;792;797;804;811;819;827;836;846;856;867;878;;;;;;;;;;;;;;;;;;;;;;;;
-1,900;;;;;;;;;;;;;;;;;820;808;797;786;775;765;755;745;736;728;721;714;707;701;696;691;686;682;678;674;670;666;663;659;655;652;648;645;641;637;634;630;626;622;619;615;612;609;605;602;600;597;595;593;591;590;589;588;588;588;589;590;592;594;596;599;603;607;611;615;620;626;631;637;644;650;656;663;670;677;683;690;697;703;710;716;722;727;733;738;743;748;752;757;761;765;769;773;778;782;787;793;799;805;812;821;830;839;849;859;871;;;;;;;;;;;;;;;;;;;;;;;;;
-2,000;;;;;;;;;;;;;;;;;;809;798;788;777;767;757;748;739;731;724;717;710;705;699;695;690;686;682;678;674;671;667;664;661;657;654;650;647;644;640;636;633;629;626;622;619;616;613;610;607;604;602;600;598;597;596;595;595;595;596;597;598;600;603;606;609;612;617;621;626;631;636;642;648;654;661;667;673;680;687;693;699;706;712;718;723;729;734;739;744;748;753;757;761;765;770;774;778;783;788;794;800;807;814;823;832;842;852;863;874;;;;;;;;;;;;;;;;;;;;;;;;;
-2,100;;;;;;;;;;;;;;;;;;811;800;790;780;770;761;751;743;735;727;721;714;709;703;699;694;690;686;683;679;676;673;670;666;663;660;657;654;650;647;643;640;637;633;630;627;623;620;617;615;612;610;608;606;605;604;603;603;603;603;604;606;607;610;612;615;619;623;627;631;636;642;647;653;659;665;671;677;683;690;696;702;708;714;719;725;730;735;740;745;749;753;757;762;766;770;774;779;784;789;795;801;808;816;825;835;844;855;866;878;;;;;;;;;;;;;;;;;;;;;;;;;
-2,200;;;;;;;;;;;;;;;;;;;803;793;783;774;764;755;747;739;732;725;719;713;708;704;699;695;692;688;685;682;679;676;673;670;667;664;660;657;654;651;648;644;641;638;635;632;629;626;623;621;618;616;615;613;612;611;611;611;611;612;613;615;617;619;622;625;629;633;638;642;647;652;658;663;669;675;681;687;693;699;705;710;716;721;726;731;736;741;745;750;754;758;762;766;770;775;779;784;790;796;803;810;819;828;837;847;858;870;;;;;;;;;;;;;;;;;;;;;;;;;;
-2,300;;;;;;;;;;;;;;;;;;;807;797;787;778;769;760;752;744;737;730;724;719;714;709;705;701;697;694;691;688;685;682;679;676;674;671;668;665;662;659;656;652;649;646;643;640;637;634;632;629;627;625;623;622;621;620;619;619;619;620;621;623;624;627;629;633;636;640;644;648;653;658;663;668;674;679;685;691;696;702;707;713;718;723;728;733;737;742;746;750;754;758;762;766;771;775;780;785;791;797;804;812;821;830;840;851;862;873;;;;;;;;;;;;;;;;;;;;;;;;;;
-2,400;;;;;;;;;;;;;;;;;;;811;801;791;782;774;765;757;750;742;736;730;724;719;715;711;707;704;700;697;694;692;689;686;683;681;678;675;672;670;667;664;661;658;655;652;649;646;643;641;638;636;634;632;631;630;629;628;628;628;629;629;631;632;635;637;640;643;647;650;655;659;664;668;673;679;684;689;694;700;705;710;715;720;725;729;734;738;743;747;751;755;759;763;767;771;776;781;786;792;799;806;815;824;833;843;854;865;;;;;;;;;;;;;;;;;;;;;;;;;;;
-2,500;;;;;;;;;;;;;;;;;;;;806;797;788;780;771;763;756;749;742;736;731;726;721;717;714;710;707;704;701;699;696;693;691;688;686;683;680;678;675;672;669;666;663;661;658;655;652;650;647;645;643;641;640;639;638;637;637;637;637;638;639;641;643;645;647;650;654;657;661;665;669;674;679;683;688;693;698;703;708;713;718;722;727;731;735;739;743;747;751;755;759;763;767;772;777;782;788;794;801;809;817;827;836;847;858;869;;;;;;;;;;;;;;;;;;;;;;;;;;;
-2,600;;;;;;;;;;;;;;;;;;;;811;802;794;786;778;770;763;756;749;743;738;733;728;724;721;717;714;711;708;706;703;701;698;696;693;691;688;686;683;680;678;675;672;669;667;664;662;659;657;655;653;651;649;648;647;646;646;646;646;647;648;649;651;653;655;658;661;664;668;671;675;680;684;688;693;697;702;707;711;716;720;724;729;733;737;741;744;748;752;756;760;764;768;773;778;783;789;796;803;812;820;830;840;850;862;;;;;;;;;;;;;;;;;;;;;;;;;;;;
-2,700;;;;;;;;;;;;;;;;;;;;;809;801;793;785;778;770;764;757;751;745;740;736;732;728;725;721;719;716;713;711;708;706;704;701;699;696;694;691;689;686;684;681;678;676;673;671;668;666;664;662;660;659;658;656;656;655;655;655;656;657;658;659;661;663;666;668;671;674;678;682;685;689;693;698;702;706;710;714;719;723;727;731;734;738;742;746;749;753;757;761;765;769;774;779;785;791;798;806;815;824;833;844;854;866;;;;;;;;;;;;;;;;;;;;;;;;;;;;
-2,800;;;;;;;;;;;;;;;;;;;;;816;808;800;793;786;779;772;765;759;754;749;744;740;736;732;729;726;723;721;718;716;714;711;709;707;704;702;700;697;695;692;690;687;685;682;680;678;675;673;672;670;668;667;666;665;665;664;664;665;665;666;668;669;671;673;676;678;681;684;688;691;695;699;702;706;710;714;718;722;725;729;733;736;740;743;747;751;754;758;762;766;771;776;782;788;794;802;810;818;828;837;848;859;;;;;;;;;;;;;;;;;;;;;;;;;;;;;
-2,900;;;;;;;;;;;;;;;;;;;;;;815;808;801;794;787;781;774;768;762;757;752;748;744;741;737;734;731;729;726;724;721;719;717;715;712;710;708;705;703;701;698;696;694;691;689;687;685;683;681;679;678;676;675;674;674;674;673;674;674;675;676;678;679;681;683;686;688;691;694;697;700;704;707;711;714;718;721;725;728;732;735;738;742;745;749;752;756;760;764;768;773;778;784;790;797;805;814;822;832;842;852;864;;;;;;;;;;;;;;;;;;;;;;;;;;;;;
-3,000;;;;;;;;;;;;;;;;;;;;;;;816;809;803;796;790;784;777;772;766;761;757;753;749;746;742;739;737;734;732;729;727;725;722;720;718;716;714;711;709;707;704;702;700;698;696;694;692;690;688;687;686;684;684;683;683;682;683;683;684;685;686;687;689;691;693;695;698;700;703;706;709;712;715;718;722;725;728;731;734;738;741;744;747;751;754;758;762;766;771;776;781;787;794;801;809;818;827;836;847;858;;;;;;;;;;;;;;;;;;;;;;;;;;;;;;
-3,100;;;;;;;;;;;;;;;;;;;;;;;825;818;812;806;799;793;787;781;776;771;766;762;758;754;751;748;745;742;740;737;735;732;730;728;726;724;721;719;717;715;713;711;708;706;704;702;701;699;697;696;695;694;693;692;692;691;691;692;692;693;694;695;697;698;700;702;704;707;709;712;714;717;720;723;726;729;732;735;738;741;744;747;750;753;757;761;765;769;774;779;785;791;798;806;814;823;832;841;852;863;;;;;;;;;;;;;;;;;;;;;;;;;;;;;;
-3,200;;;;;;;;;;;;;;;;;;;;;;;;828;822;815;809;803;798;792;786;781;776;771;767;763;759;756;753;750;747;745;742;740;738;736;733;731;729;727;725;723;721;719;717;715;713;711;709;707;706;705;703;702;701;701;700;700;700;700;700;701;702;703;704;706;707;709;711;713;715;717;720;722;725;727;730;733;735;738;741;744;747;750;753;756;760;764;768;773;778;783;789;796;803;811;819;828;837;847;858;;;;;;;;;;;;;;;;;;;;;;;;;;;;;;;
-3,300;;;;;;;;;;;;;;;;;;;;;;;;;831;826;820;814;808;802;796;791;786;781;776;772;768;765;761;758;755;753;750;748;745;743;741;739;736;734;732;730;728;726;724;722;721;719;717;716;714;713;712;711;710;709;709;708;708;708;709;709;710;711;712;713;714;716;717;719;721;723;725;727;730;732;734;737;739;742;745;747;750;753;757;760;764;768;772;777;782;788;794;801;809;816;825;833;843;853;;;;;;;;;;;;;;;;;;;;;;;;;;;;;;;;
-3,400;;;;;;;;;;;;;;;;;;;;;;;;;841;836;830;824;819;813;807;802;796;791;786;782;777;774;770;767;763;761;758;755;753;750;748;746;744;741;739;737;735;734;732;730;728;726;725;723;722;721;720;719;718;717;717;716;716;716;716;717;717;718;719;720;721;722;724;725;727;729;731;733;735;737;739;741;744;746;749;751;754;757;761;764;768;772;777;782;788;794;800;807;814;822;830;839;849;;;;;;;;;;;;;;;;;;;;;;;;;;;;;;;;;
-3,500;;;;;;;;;;;;;;;;;;;;;;;;;;846;841;835;829;824;818;812;807;801;796;791;787;782;779;775;772;768;765;762;760;757;755;753;750;748;746;744;742;740;739;737;735;734;732;731;730;728;727;726;726;725;725;724;724;724;724;724;725;725;726;727;728;729;730;732;733;735;736;738;740;742;744;746;748;751;753;756;759;762;765;769;773;778;782;788;793;800;806;813;820;828;837;846;855;;;;;;;;;;;;;;;;;;;;;;;;;;;;;;;;;
-3,600;;;;;;;;;;;;;;;;;;;;;;;;;;;851;846;840;835;829;823;818;812;806;801;796;792;787;783;780;776;773;770;767;764;762;759;757;755;753;751;749;747;745;744;742;741;739;738;737;736;735;734;733;732;732;732;731;731;731;732;732;732;733;734;735;736;737;738;739;741;742;744;746;747;749;751;754;756;758;761;764;767;771;775;779;783;788;794;800;806;813;819;827;835;843;852;;;;;;;;;;;;;;;;;;;;;;;;;;;;;;;;;;
-3,700;;;;;;;;;;;;;;;;;;;;;;;;;;;;856;851;846;840;834;829;823;817;811;806;801;796;792;788;784;780;777;774;771;768;766;763;761;759;757;755;753;751;750;748;747;746;744;743;742;741;741;740;739;739;739;739;738;739;739;739;739;740;741;741;742;743;744;746;747;748;750;751;753;755;757;759;761;764;767;770;773;777;781;785;790;795;801;807;813;819;826;833;841;850;;;;;;;;;;;;;;;;;;;;;;;;;;;;;;;;;;;
-3,800;;;;;;;;;;;;;;;;;;;;;;;;;;;;;862;857;851;845;840;834;828;822;816;811;806;801;796;792;788;785;781;778;775;772;770;767;765;763;761;759;757;756;754;753;752;751;750;749;748;747;747;746;746;746;745;745;745;746;746;746;747;747;748;749;750;751;752;753;754;756;757;759;761;763;765;768;770;773;776;780;783;788;792;797;802;808;813;820;826;833;840;848;;;;;;;;;;;;;;;;;;;;;;;;;;;;;;;;;;;;
-3,900;;;;;;;;;;;;;;;;;;;;;;;;;;;;;;867;862;856;850;845;839;833;827;821;815;810;805;800;796;792;788;785;782;779;776;773;771;769;767;765;763;762;760;759;758;757;756;755;754;754;753;753;752;752;752;752;752;752;753;753;753;754;755;755;756;757;758;760;761;762;764;765;767;769;772;774;777;780;783;787;791;795;800;805;810;815;820;826;833;840;847;;;;;;;;;;;;;;;;;;;;;;;;;;;;;;;;;;;;;
-4,000;;;;;;;;;;;;;;;;;;;;;;;;;;;;;;;872;867;861;855;849;843;837;831;825;819;814;809;804;800;795;792;788;785;782;779;777;774;772;770;769;767;766;764;763;762;761;761;760;760;759;759;759;759;758;759;759;759;759;760;760;761;761;762;763;764;765;766;767;769;770;772;774;776;779;781;784;787;791;794;799;803;807;812;817;822;828;833;840;847;;;;;;;;;;;;;;;;;;;;;;;;;;;;;;;;;;;;;;
-4,100;;;;;;;;;;;;;;;;;;;;;;;;;;;;;;;;877;871;865;859;853;847;841;835;829;823;817;812;807;803;799;795;791;788;785;782;780;778;776;774;772;771;770;769;768;767;766;766;765;765;765;765;765;765;765;765;765;766;766;767;767;768;769;770;771;772;773;774;776;778;779;781;784;786;789;792;795;799;802;806;810;815;819;824;829;835;840;847;;;;;;;;;;;;;;;;;;;;;;;;;;;;;;;;;;;;;;;
-4,200;;;;;;;;;;;;;;;;;;;;;;;;;;;;;;;;;881;875;869;863;857;851;845;838;832;827;821;816;811;806;802;798;795;791;788;786;783;781;780;778;776;775;774;773;773;772;772;771;771;771;771;771;771;771;772;772;772;773;774;774;775;776;777;778;779;780;782;783;785;787;789;791;794;797;800;803;807;810;814;818;822;826;831;836;841;;;;;;;;;;;;;;;;;;;;;;;;;;;;;;;;;;;;;;;;;
-4,300;;;;;;;;;;;;;;;;;;;;;;;;;;;;;;;;;;885;879;873;866;860;854;848;842;836;830;824;819;814;809;805;801;798;795;792;789;787;785;783;782;781;780;779;778;778;777;777;777;777;777;777;777;778;778;779;779;780;781;781;782;783;784;785;786;788;789;791;793;795;797;799;802;805;808;811;814;818;821;825;829;833;838;843;;;;;;;;;;;;;;;;;;;;;;;;;;;;;;;;;;;;;;;;;;
-4,400;;;;;;;;;;;;;;;;;;;;;;;;;;;;;;;;;;;;882;876;869;863;857;850;844;838;833;827;822;817;812;808;805;801;798;795;793;791;789;788;786;785;785;784;783;783;783;783;783;783;783;784;784;785;785;786;787;788;788;789;790;792;793;794;796;797;799;801;803;805;808;810;813;816;818;821;825;828;831;835;839;844;;;;;;;;;;;;;;;;;;;;;;;;;;;;;;;;;;;;;;;;;;;
-4,500;;;;;;;;;;;;;;;;;;;;;;;;;;;;;;;;;;;;;884;878;872;865;859;853;847;841;835;830;825;820;816;812;808;805;802;799;797;795;794;792;791;791;790;789;789;789;789;789;790;790;790;791;792;792;793;794;795;796;797;798;799;801;802;804;805;807;809;811;813;816;818;820;823;825;828;831;834;837;841;;;;;;;;;;;;;;;;;;;;;;;;;;;;;;;;;;;;;;;;;;;;;
-4,600;;;;;;;;;;;;;;;;;;;;;;;;;;;;;;;;;;;;;;;880;874;867;861;855;849;843;838;833;828;823;819;816;812;809;806;804;802;800;799;798;797;796;796;796;796;796;796;796;797;797;798;799;800;800;801;802;804;805;806;807;809;810;812;814;815;817;819;821;823;825;827;829;831;834;837;840;843;;;;;;;;;;;;;;;;;;;;;;;;;;;;;;;;;;;;;;;;;;;;;;
-4,700;;;;;;;;;;;;;;;;;;;;;;;;;;;;;;;;;;;;;;;;882;875;869;863;857;851;846;840;835;831;827;823;819;816;813;811;809;807;806;805;804;803;803;802;802;803;803;803;804;805;805;806;807;808;809;810;811;813;814;815;817;818;820;821;823;824;826;827;829;831;832;834;837;839;842;;;;;;;;;;;;;;;;;;;;;;;;;;;;;;;;;;;;;;;;;;;;;;;;
-4,800;;;;;;;;;;;;;;;;;;;;;;;;;;;;;;;;;;;;;;;;;;877;870;864;858;853;848;843;838;834;830;826;823;821;818;816;814;813;812;811;810;810;810;810;810;810;811;811;812;813;814;815;816;817;818;819;820;822;823;824;825;826;828;829;830;831;833;834;836;837;839;841;;;;;;;;;;;;;;;;;;;;;;;;;;;;;;;;;;;;;;;;;;;;;;;;;;
-4,900;;;;;;;;;;;;;;;;;;;;;;;;;;;;;;;;;;;;;;;;;;;;872;866;860;855;850;845;841;837;833;830;827;825;823;821;820;819;818;817;817;817;817;817;818;818;819;819;820;821;822;823;824;825;826;827;828;829;830;831;832;833;834;835;836;837;838;840;841;;;;;;;;;;;;;;;;;;;;;;;;;;;;;;;;;;;;;;;;;;;;;;;;;;;;
-5,000;;;;;;;;;;;;;;;;;;;;;;;;;;;;;;;;;;;;;;;;;;;;;;868;862;857;852;848;844;840;837;834;832;830;828;827;825;825;824;824;824;824;824;824;825;825;826;827;828;829;829;830;831;832;833;834;834;835;836;837;837;838;839;840;841;842;;;;;;;;;;;;;;;;;;;;;;;;;;;;;;;;;;;;;;;;;;;;;;;;;;;;;;
-5,100;;;;;;;;;;;;;;;;;;;;;;;;;;;;;;;;;;;;;;;;;;;;;;;;;860;855;851;848;844;841;839;837;835;833;832;831;831;830;830;830;830;831;831;832;832;833;834;834;835;836;836;837;838;838;839;839;840;840;841;841;842;;;;;;;;;;;;;;;;;;;;;;;;;;;;;;;;;;;;;;;;;;;;;;;;;;;;;;;;;
-5,200;;;;;;;;;;;;;;;;;;;;;;;;;;;;;;;;;;;;;;;;;;;;;;;;;;;;855;852;849;846;844;842;840;839;838;837;837;836;836;836;837;837;837;838;838;839;839;840;841;841;841;842;842;842;843;843;843;;;;;;;;;;;;;;;;;;;;;;;;;;;;;;;;;;;;;;;;;;;;;;;;;;;;;;;;;;;;
-5,300;;;;;;;;;;;;;;;;;;;;;;;;;;;;;;;;;;;;;;;;;;;;;;;;;;;;;;;;851;849;847;846;845;844;843;843;843;843;843;843;843;843;844;844;844;845;845;845;845;845;846;;;;;;;;;;;;;;;;;;;;;;;;;;;;;;;;;;;;;;;;;;;;;;;;;;;;;;;;;;;;;;;;
-5,400;;;;;;;;;;;;;;;;;;;;;;;;;;;;;;;;;;;;;;;;;;;;;;;;;;;;;;;;;;;;;;;850;849;849;849;849;849;849;849;849;;;;;;;;;;;;;;;;;;;;;;;;;;;;;;;;;;;;;;;;;;;;;;;;;;;;;;;;;;;;;;;;;;;;;;;
-5,500;;;;;;;;;;;;;;;;;;;;;;;;;;;;;;;;;;;;;;;;;;;;;;;;;;;;;;;;;;;;;;;;;;;;;;;;;;;;;;;;;;;;;;;;;;;;;;;;;;;;;;;;;;;;;;;;;;;;;;;;;;;;;;;;;;;;;;;;;;;;;;
-5,600;;;;;;;;;;;;;;;;;;;;;;;;;;;;;;;;;;;;;;;;;;;;;;;;;;;;;;;;;;;;;;;;;;;;;;;;;;;;;;;;;;;;;;;;;;;;;;;;;;;;;;;;;;;;;;;;;;;;;;;;;;;;;;;;;;;;;;;;;;;;;;
-5,700;;;;;;;;;;;;;;;;;;;;;;;;;;;;;;;;;;;;;;;;;;;;;;;;;;;;;;;;;;;;;;;;;;;;;;;;;;;;;;;;;;;;;;;;;;;;;;;;;;;;;;;;;;;;;;;;;;;;;;;;;;;;;;;;;;;;;;;;;;;;;;
-5,800;;;;;;;;;;;;;;;;;;;;;;;;;;;;;;;;;;;;;;;;;;;;;;;;;;;;;;;;;;;;;;;;;;;;;;;;;;;;;;;;;;;;;;;;;;;;;;;;;;;;;;;;;;;;;;;;;;;;;;;;;;;;;;;;;;;;;;;;;;;;;;
-5,900;;;;;;;;;;;;;;;;;;;;;;;;;;;;;;;;;;;;;;;;;;;;;;;;;;;;;;;;;;;;;;;;;;;;;;;;;;;;;;;;;;;;;;;;;;;;;;;;;;;;;;;;;;;;;;;;;;;;;;;;;;;;;;;;;;;;;;;;;;;;;;
-6,000;;;;;;;;;;;;;;;;;;;;;;;;;;;;;;;;;;;;;;;;;;;;;;;;;;;;;;;;;;;;;;;;;;;;;;;;;;;;;;;;;;;;;;;;;;;;;;;;;;;;;;;;;;;;;;;;;;;;;;;;;;;;;;;;;;;;;;;;;;;;;;
-6,100;;;;;;;;;;;;;;;;;;;;;;;;;;;;;;;;;;;;;;;;;;;;;;;;;;;;;;;;;;;;;;;;;;;;;;;;;;;;;;;;;;;;;;;;;;;;;;;;;;;;;;;;;;;;;;;;;;;;;;;;;;;;;;;;;;;;;;;;;;;;;;
-6,200;;;;;;;;;;;;;;;;;;;;;;;;;;;;;;;;;;;;;;;;;;;;;;;;;;;;;;;;;;;;;;;;;;;;;;;;;;;;;;;;;;;;;;;;;;;;;;;;;;;;;;;;;;;;;;;;;;;;;;;;;;;;;;;;;;;;;;;;;;;;;;
-6,300;;;;;;;;;;;;;;;;;;;;;;;;;;;;;;;;;;;;;;;;;;;;;;;;;;;;;;;;;;;;;;;;;;;;;;;;;;;;;;;;;;;;;;;;;;;;;;;;;;;;;;;;;;;;;;;;;;;;;;;;;;;;;;;;;;;;;;;;;;;;;;
-6,400;;;;;;;;;;;;;;;;;;;;;;;;;;;;;;;;;;;;;;;;;;;;;;;;;;;;;;;;;;;;;;;;;;;;;;;;;;;;;;;;;;;;;;;;;;;;;;;;;;;;;;;;;;;;;;;;;;;;;;;;;;;;;;;;;;;;;;;;;;;;;;
-6,500;;;;;;;;;;;;;;;;;;;;;;;;;;;;;;;;;;;;;;;;;;;;;;;;;;;;;;;;;;;;;;;;;;;;;;;;;;;;;;;;;;;;;;;;;;;;;;;;;;;;;;;;;;;;;;;;;;;;;;;;;;;;;;;;;;;;;;;;;;;;;;
-6,600;;;;;;;;;;;;;;;;;;;;;;;;;;;;;;;;;;;;;;;;;;;;;;;;;;;;;;;;;;;;;;;;;;;;;;;;;;;;;;;;;;;;;;;;;;;;;;;;;;;;;;;;;;;;;;;;;;;;;;;;;;;;;;;;;;;;;;;;;;;;;;
-6,700;;;;;;;;;;;;;;;;;;;;;;;;;;;;;;;;;;;;;;;;;;;;;;;;;;;;;;;;;;;;;;;;;;;;;;;;;;;;;;;;;;;;;;;;;;;;;;;;;;;;;;;;;;;;;;;;;;;;;;;;;;;;;;;;;;;;;;;;;;;;;;
-6,800;;;;;;;;;;;;;;;;;;;;;;;;;;;;;;;;;;;;;;;;;;;;;;;;;;;;;;;;;;;;;;;;;;;;;;;;;;;;;;;;;;;;;;;;;;;;;;;;;;;;;;;;;;;;;;;;;;;;;;;;;;;;;;;;;;;;;;;;;;;;;;
-6,900;;;;;;;;;;;;;;;;;;;;;;;;;;;;;;;;;;;;;;;;;;;;;;;;;;;;;;;;;;;;;;;;;;;;;;;;;;;;;;;;;;;;;;;;;;;;;;;;;;;;;;;;;;;;;;;;;;;;;;;;;;;;;;;;;;;;;;;;;;;;;;
-7,000;;;;;;;;;;;;;;;;;;;;;;;;;;;;;;;;;;;;;;;;;;;;;;;;;;;;;;;;;;;;;;;;;;;;;;;;;;;;;;;;;;;;;;;;;;;;;;;;;;;;;;;;;;;;;;;;;;;;;;;;;;;;;;;;;;;;;;;;;;;;;;
[SYSTEM];;
Name;Pentacam;
Version;1,32r04;
SerialNo;1612  1210;
Registered User;,..;
File Date;03-04-2026;
Matrixsize X;141;
Matrixsize Y;141;
Matrix-Res, X/Y;100;

[PATIENT];;
LastName;Zolkina;
FirstName;M A;
Eye;OD;
DateOfBirth;05-09-2004;
Sex;,..;
PatientID;548900;

[EXAMINATION];;
Date;12-11-2025;
Time;11:32:43;
Surgeon;,..;
OP;,..;
TestNo;,..;
Comments;,..;
Max, Diameter;12,64;

[GENERAL DATA];;
Cornea Front Rh;7,62;
Cornea Front Rv;6,89;
Cornea Front Axis;20,7;
Cornea Front Astig;4,7;
Cornea Front Exz;-0,57;Q-val, (8ìì);
Pachy Apex;578;
Pachy Min;553;
Pachy Min X;-0,70;
Pachy Min Y;-0,84;
Chamber Height;3,30;
Chamber Angle;45,05;
KKS;# 1-2;
QS Status;Data Gaps !;
QS Error;1;
K Max (Front);53,65;
K Max X (Front);0,07;
K Max Y (Front);-0,21;

[PUPIL];
Pupil Dia;4,19;
XPupil;115;
YPupil;-15;

X;Y;
2282;0;
2278;56;
2274;112;
2268;167;
2260;223;
2251;278;
2241;332;
2228;387;
2214;440;
2199;494;
2183;547;
2165;599;
2145;651;
2124;702;
2102;752;
2078;802;
2053;851;
2027;898;
1999;945;
1970;992;
1940;1037;
1909;1081;
1877;1125;
1843;1167;
1809;1209;
1773;1249;
1737;1288;
1700;1327;
1662;1364;
1623;1400;
1583;1435;
1543;1469;
1502;1502;
1460;1533;
1418;1564;
1375;1594;
1331;1622;
1287;1649;
1242;1675;
1197;1700;
1152;1724;
1106;1747;
1060;1769;
1014;1789;
967;1809;
920;1828;
873;1845;
825;1862;
777;1877;
730;1892;
682;1905;
634;1918;
585;1929;
537;1939;
488;1949;
440;1958;
391;1965;
342;1972;
293;1977;
244;1982;
196;1986;
147;1989;
98;1991;
49;1992;
0;1991;
-49;1991;
-98;1989;
-147;1986;
-195;1982;
-244;1977;
-292;1972;
-341;1965;
-389;1958;
-438;1949;
-486;1939;
-534;1928;
-581;1917;
-629;1904;
-676;1890;
-723;1875;
-770;1859;
-816;1842;
-863;1824;
-908;1805;
-954;1784;
-999;1763;
-1043;1741;
-1087;1717;
-1131;1692;
-1174;1666;
-1216;1640;
-1258;1612;
-1299;1582;
-1339;1552;
-1378;1521;
-1417;1489;
-1455;1455;
-1492;1421;
-1528;1385;
-1563;1348;
-1597;1311;
-1631;1273;
-1663;1233;
-1694;1193;
-1723;1152;
-1752;1110;
-1780;1067;
-1807;1023;
-1831;979;
-1855;934;
-1878;888;
-1899;842;
-1919;795;
-1938;747;
-1955;699;
-1971;651;
-1985;602;
-1999;553;
-2011;504;
-2021;454;
-2030;404;
-2038;354;
-2045;303;
-2051;253;
-2055;202;
-2058;152;
-2060;101;
-2060;51;
-2059;0;
-2057;-51;
-2054;-101;
-2050;-151;
-2044;-201;
-2037;-251;
-2029;-301;
-2019;-350;
-2008;-399;
-1995;-448;
-1982;-496;
-1967;-544;
-1951;-592;
-1933;-639;
-1915;-685;
-1895;-731;
-1874;-776;
-1852;-821;
-1829;-865;
-1804;-908;
-1779;-951;
-1752;-993;
-1725;-1034;
-1697;-1074;
-1667;-1114;
-1637;-1153;
-1606;-1191;
-1574;-1228;
-1541;-1265;
-1508;-1301;
-1474;-1336;
-1438;-1370;
-1403;-1403;
-1366;-1435;
-1329;-1467;
-1292;-1497;
-1253;-1527;
-1214;-1556;
-1175;-1584;
-1135;-1612;
-1095;-1638;
-1054;-1664;
-1012;-1688;
-970;-1712;
-928;-1736;
-885;-1758;
-842;-1779;
-798;-1800;
-753;-1819;
-709;-1839;
-664;-1857;
-619;-1874;
-574;-1891;
-527;-1906;
-481;-1921;
-435;-1935;
-388;-1948;
-340;-1960;
-292;-1971;
-244;-1981;
-196;-1991;
-148;-2000;
-99;-2008;
-49;-2014;
0;-2019;
50;-2025;
100;-2029;
150;-2031;
200;-2033;
251;-2033;
302;-2033;
353;-2032;
404;-2029;
455;-2025;
506;-2020;
557;-2014;
609;-2007;
660;-1998;
711;-1988;
763;-1977;
814;-1965;
865;-1951;
916;-1936;
966;-1919;
1017;-1902;
1067;-1883;
1116;-1862;
1165;-1840;
1214;-1817;
1263;-1793;
1310;-1767;
1358;-1740;
1404;-1711;
1450;-1681;
1495;-1649;
1539;-1617;
1583;-1583;
1625;-1547;
1666;-1510;
1707;-1472;
1746;-1433;
1785;-1393;
1822;-1351;
1858;-1308;
1892;-1264;
1926;-1219;
1958;-1174;
1989;-1127;
2018;-1079;
2045;-1030;
2072;-980;
2097;-930;
2121;-879;
2142;-826;
2162;-774;
2181;-720;
2198;-667;
2214;-613;
2228;-558;
2240;-503;
2251;-448;
2260;-392;
2268;-336;
2274;-280;
2278;-224;
2281;-168;
2283;-112;
2283;-56;
[CORNEA EDGE];;
Cornea Center Pos X (related to apex, [mm]);-0,42;
Cornea Center Pos Y (related to apex, [mm]);-0,17;
Iris Image existing in Examination;1;
Iris Image Apex Pixel Position X;251,45;
Iris Image Apex Pixel Position Y;159,89;
Iris Image mm per Pixel;0,0424;
Left Cornea-Edge X (related to Apex, [µm]);Left Cornea-Edge Y (related to Apex, [µm]);
-6085;1862;
-6163;1655;
-6233;1444;
-6296;1230;
-6351;1014;
-6397;796;
-6436;575;
-6465;353;
-6486;130;
-6497;-95;
-6500;-319;
-6492;-544;
-6476;-769;
-6450;-993;
-6416;-1215;
-6372;-1436;
-6320;-1655;
-6260;-1872;
-6192;-2087;
-6117;-2299;
-6034;-2508;
-5945;-2714;
-5849;-2918;
-5747;-3118;
;;
;;
;;
;;
;;
;;
;;
;;
;;
;;
;;
;;
;;
;;
;;
;;
Right Cornea-Edge X (related to Apex, [µm]);Right Cornea-Edge Y (related to Apex, [µm]);
4857;-2933;
4952;-2759;
5041;-2582;
5126;-2403;
5206;-2221;
5280;-2037;
5348;-1850;
5410;-1662;
5466;-1471;
5515;-1278;
5557;-1083;
5592;-887;
5619;-690;
5639;-491;
5652;-292;
5656;-93;
5653;107;
5642;306;
5623;505;
5597;703;
5563;899;
5522;1094;
5474;1288;
5419;1479;
5358;1668;
;;
;;
;;
;;
;;
;;
;;
;;
;;
;;
;;
;;
;;
;;
;;
[GENERAL DATA 2];;
Chamber Angle @ 180°;45,0;
Chamber Angle @ 0°;51,3;
Chamber Volume [mm³];205;
AXL Axial Length [mm];;
AXL SNR;;
HWTW;12,2;
