Last Name:;First Name:;Pat-ID:;D.o.Birth:;Exam Date:;Exam Time:;Exam Eye:;Exam Comment:;Parameter/Diagram;0;1;2;3;4;5;6;7;8;9;10;11;12;13;14;15;16;17;18;19;20;21;22;23;24;25;26;27;28;29;30;31;32;33;34;35;36;37;38;39;40;41;42;43;44;45;46;47;48;49;50;51;52;53;54;55;56;57;58;59;60;61;62;63;64;65;66;67;68;69;70;71;72;73;74;75;76;77;78;79;80;81;82;83;84;85;86;87;88;89;90;91;92;93;94;95;96;97;98;99;100;101;102;103;104;105;106;107;108;109;110;111;112;113;114;115;116;117;118;119;120;121;122;123;124;125;126;127;128;129;130;131;132;133;134;135;136;137;138;139;Comment1;Comment2;Comment3;Comment4;Comment5;Software Version;ExportID;SerialNumber;
Denschikov;A I;312439;12.03.1993;11.01.2021;11:47:55;Right;;Deformation Amplitude [mm];0.000;0.000;0.000;0.000;0.000;0.000;0.027;0.028;0.029;0.030;0.032;0.033;0.034;0.035;0.037;0.038;0.040;0.041;0.043;0.045;0.046;0.047;0.049;0.051;0.056;0.059;0.066;0.080;0.100;0.122;0.159;0.219;0.279;0.345;0.412;0.465;0.515;0.561;0.609;0.639;0.676;0.706;0.743;0.777;0.808;0.836;0.856;0.877;0.901;0.920;0.939;0.960;0.984;1.010;1.026;1.061;1.074;1.093;1.111;1.120;1.132;1.139;1.151;1.151;1.158;1.175;1.197;1.209;1.229;1.247;1.265;1.265;1.273;1.275;1.266;1.256;1.246;1.230;1.215;1.201;1.182;1.172;1.159;1.130;1.099;1.065;1.047;1.011;0.983;0.951;0.914;0.866;0.811;0.750;0.666;0.577;0.469;0.380;0.357;0.373;0.386;0.386;0.359;0.330;0.326;0.322;0.312;0.302;0.297;0.290;0.280;0.273;0.265;0.257;0.247;0.238;0.228;0.219;0.209;0.201;0.192;0.185;0.176;0.167;0.158;0.153;0.149;0.152;0.149;0.141;0.138;0.132;0.128;0.125;0.123;0.121;0.120;0.117;0.114;0.112;;;;;;1,7r2810;8452;5602-6111;
Denschikov;A I;312439;12.03.1993;11.01.2021;11:47:55;Right;;Deflection Amplitude [mm];0.004;0.004;0.005;0.002;0.003;-0.000;0.025;0.027;0.026;0.028;0.027;0.031;0.028;0.028;0.025;0.031;0.030;0.029;0.027;0.026;0.030;0.030;0.030;0.030;0.032;0.033;0.041;0.052;0.071;0.089;0.125;0.182;0.239;0.302;0.371;0.418;0.471;0.515;0.562;0.591;0.628;0.661;0.696;0.727;0.761;0.787;0.810;0.829;0.851;0.872;0.891;0.915;0.939;0.971;0.986;1.017;1.029;1.049;1.060;1.062;1.068;1.070;1.067;1.059;1.061;1.068;1.082;1.089;1.107;1.115;1.125;1.124;1.122;1.113;1.088;1.073;1.054;1.022;0.991;0.979;0.947;0.928;0.903;0.871;0.836;0.792;0.770;0.726;0.694;0.655;0.611;0.557;0.494;0.431;0.346;0.263;0.150;0.072;0.055;0.071;0.090;0.091;0.069;0.047;0.052;0.054;0.050;0.044;0.048;0.044;0.037;0.039;0.038;0.038;0.034;0.037;0.039;0.037;0.038;0.035;0.034;0.039;0.040;0.037;0.034;0.037;0.042;0.053;0.052;0.051;0.047;0.045;0.040;0.035;0.032;0.033;0.032;0.031;0.031;0.031;;;;;;1,7r2810;8452;5602-6111;
Denschikov;A I;312439;12.03.1993;11.01.2021;11:47:55;Right;;Whole Eye Movement [mm];-0.004;-0.004;-0.005;-0.002;-0.003;0.000;0.002;0.001;0.004;0.002;0.004;0.003;0.006;0.007;0.011;0.008;0.011;0.012;0.016;0.019;0.016;0.018;0.019;0.021;0.024;0.026;0.025;0.028;0.029;0.034;0.034;0.037;0.040;0.043;0.041;0.046;0.045;0.046;0.047;0.048;0.047;0.045;0.047;0.049;0.047;0.049;0.046;0.048;0.049;0.049;0.048;0.046;0.045;0.039;0.040;0.043;0.045;0.044;0.051;0.058;0.064;0.069;0.084;0.092;0.097;0.107;0.115;0.120;0.122;0.132;0.140;0.141;0.151;0.163;0.178;0.183;0.192;0.208;0.224;0.222;0.235;0.244;0.255;0.260;0.263;0.273;0.277;0.285;0.288;0.296;0.303;0.309;0.317;0.319;0.321;0.314;0.319;0.308;0.302;0.301;0.296;0.295;0.290;0.283;0.275;0.269;0.263;0.258;0.249;0.246;0.243;0.234;0.226;0.219;0.213;0.201;0.189;0.182;0.171;0.165;0.158;0.146;0.137;0.130;0.124;0.116;0.107;0.099;0.097;0.090;0.090;0.087;0.088;0.090;0.091;0.088;0.088;0.085;0.083;0.080;;;;;;1,7r2810;8452;5602-6111;
Denschikov;A I;312439;12.03.1993;11.01.2021;11:47:55;Right;;Applanation Length [mm];0.757;0.757;0.757;0.762;0.762;0.762;0.762;0.757;0.762;0.762;0.762;0.762;0.762;0.762;0.761;0.760;0.761;0.762;0.762;0.762;0.762;0.762;0.762;0.761;0.790;0.790;0.787;0.841;1.009;1.261;1.892;1.024;0.743;0.645;0.561;0.589;0.589;0.589;0.589;0.575;0.574;0.588;0.560;0.575;0.561;0.589;0.603;0.575;0.575;0.800;0.814;0.644;0.700;0.757;0.743;0.686;0.742;0.784;0.756;0.742;0.742;0.728;0.728;0.896;0.770;0.715;0.687;0.799;0.800;0.729;0.700;0.757;0.770;0.728;0.784;0.742;0.757;0.700;0.700;0.742;0.827;0.812;0.577;0.576;0.883;0.756;0.560;0.574;0.574;0.574;0.590;0.590;0.590;0.591;0.674;0.786;2.354;0.855;0.790;0.897;1.009;1.023;0.897;0.790;0.785;0.785;0.787;0.790;0.790;0.790;0.762;0.790;0.762;0.776;0.762;0.776;0.762;0.762;0.757;0.762;0.760;0.776;0.757;0.761;0.757;0.757;0.758;0.756;0.756;0.757;0.761;0.762;0.762;0.762;0.757;0.743;0.762;0.743;0.762;0.743;;;;;;1,7r2810;8452;5602-6111;
Denschikov;A I;312439;12.03.1993;11.01.2021;11:47:55;Right;;Deflection Length [mm];0.000;0.000;0.000;0.000;0.000;0.000;0.000;0.000;0.000;0.000;0.000;0.000;0.000;0.000;0.000;0.000;0.000;0.000;0.000;0.000;0.000;0.000;0.000;0.000;0.000;0.000;0.000;0.000;1.557;1.948;2.440;2.708;3.001;3.296;3.647;3.899;4.150;4.347;4.517;4.630;4.753;4.920;4.990;5.131;5.287;5.414;5.401;5.488;5.527;5.639;5.765;5.987;6.168;6.159;6.375;6.398;6.602;6.774;6.786;6.731;6.876;6.880;6.763;6.593;6.664;6.527;6.611;6.696;6.760;6.701;6.744;6.953;6.863;6.848;6.593;6.522;6.329;6.393;6.177;6.249;6.042;5.986;5.748;5.664;5.559;5.357;5.297;5.183;5.099;4.935;4.787;4.565;4.355;4.061;3.778;3.467;2.733;2.310;0.393;2.031;2.619;2.521;1.836;0.000;0.000;0.000;0.000;0.000;0.000;0.000;0.000;0.000;0.000;0.000;0.000;0.000;0.000;0.000;0.000;0.000;0.000;0.000;0.000;0.000;0.000;0.000;0.000;0.000;0.000;0.000;0.000;0.000;0.000;0.000;0.000;0.000;0.000;0.000;0.000;0.000;;;;;;1,7r2810;8452;5602-6111;
Denschikov;A I;312439;12.03.1993;11.01.2021;11:47:55;Right;;Corneal Velocity [m/s];0.000;0.000;0.000;0.000;0.000;0.000;0.118;0.004;0.005;0.002;0.007;0.007;0.006;0.003;0.006;0.007;0.009;0.003;0.009;0.006;0.006;0.007;0.008;0.009;0.020;0.013;0.032;0.059;0.087;0.097;0.160;0.258;0.260;0.287;0.288;0.230;0.217;0.198;0.208;0.132;0.157;0.132;0.158;0.148;0.135;0.121;0.086;0.090;0.104;0.084;0.081;0.094;0.102;0.114;0.069;0.149;0.060;0.082;0.076;0.038;0.053;0.029;0.052;0.002;0.029;0.074;0.096;0.051;0.088;0.077;0.078;-0.001;0.036;0.010;-0.041;-0.042;-0.042;-0.070;-0.066;-0.060;-0.083;-0.041;-0.060;-0.122;-0.135;-0.149;-0.076;-0.157;-0.122;-0.139;-0.160;-0.205;-0.239;-0.263;-0.363;-0.386;-0.467;-0.385;-0.101;0.068;0.060;-0.003;-0.116;-0.123;-0.017;-0.018;-0.044;-0.043;-0.024;-0.028;-0.042;-0.031;-0.037;-0.033;-0.044;-0.036;-0.046;-0.038;-0.042;-0.037;-0.036;-0.032;-0.037;-0.040;-0.039;-0.024;-0.014;0.009;-0.011;-0.033;-0.016;-0.025;-0.016;-0.014;-0.007;-0.009;-0.006;-0.013;-0.010;-0.012;;;;;;1,7r2810;8452;5602-6111;
Denschikov;A I;312439;12.03.1993;11.01.2021;11:47:55;Right;;Pressure Profile [mmHg];0.000;0.000;0.000;5.000;5.000;5.000;5.000;5.000;5.000;5.000;5.000;5.000;5.000;7.000;5.000;5.000;7.000;7.000;7.000;7.000;7.000;9.000;9.000;7.000;7.000;9.000;9.000;10.000;14.000;19.000;30.000;37.000;42.000;47.000;51.000;58.000;61.000;66.000;71.000;78.000;84.000;89.000;93.000;98.000;101.000;104.000;109.000;112.000;117.000;122.000;127.000;135.000;139.000;142.000;144.000;149.000;152.000;155.000;158.000;160.000;163.000;165.000;168.000;170.000;173.000;176.000;178.000;180.000;181.000;183.000;188.000;188.000;188.000;188.000;188.000;185.000;181.000;178.000;173.000;170.000;165.000;158.000;153.000;149.000;144.000;137.000;127.000;121.000;112.000;107.000;99.000;94.000;88.000;83.000;71.000;65.000;60.000;53.000;48.000;43.000;38.000;35.000;32.000;24.000;19.000;15.000;12.000;9.000;7.000;5.000;4.000;4.000;2.000;2.000;4.000;4.000;4.000;4.000;4.000;4.000;2.000;0.000;0.000;0.000;0.000;0.000;0.000;2.000;4.000;5.000;5.000;7.000;9.000;7.000;7.000;5.000;4.000;4.000;0.000;0.000;;;;;;1,7r2810;8452;5602-6111;
Denschikov;A I;312439;12.03.1993;11.01.2021;11:47:55;Right;;Deflection Area [mm²];0.000;0.000;0.014;0.001;0.017;0.002;0.011;0.006;0.008;0.011;0.006;0.025;0.015;0.016;0.000;0.010;0.010;0.011;0.008;0.003;0.018;0.019;0.024;0.021;0.019;0.024;0.046;0.061;0.095;0.133;0.203;0.304;0.443;0.601;0.814;0.991;1.189;1.348;1.500;1.604;1.766;1.928;2.041;2.162;2.309;2.405;2.523;2.595;2.687;2.816;2.941;3.051;3.184;3.356;3.460;3.573;3.672;3.796;3.844;3.833;3.829;3.823;3.790;3.884;3.812;3.814;3.869;3.965;4.084;4.140;4.162;4.231;4.109;3.989;3.940;3.813;3.730;3.581;3.502;3.383;3.248;3.124;2.921;2.783;2.683;2.547;2.382;2.249;2.126;1.902;1.714;1.478;1.296;1.014;0.765;0.535;0.294;0.170;0.128;0.139;0.199;0.203;0.139;0.093;0.110;0.118;0.101;0.090;0.121;0.101;0.057;0.070;0.066;0.052;0.050;0.056;0.074;0.060;0.062;0.046;0.048;0.068;0.065;0.060;0.057;0.074;0.077;0.130;0.138;0.126;0.106;0.092;0.069;0.047;0.025;0.025;0.032;0.027;0.029;0.032;;;;;;1,7r2810;8452;5602-6111;
Denschikov;A I;312439;12.03.1993;11.01.2021;11:47:55;Right;;dArcLength [mm];-0.003;-0.003;-0.007;-0.005;-0.006;-0.004;-0.006;-0.004;-0.005;-0.005;-0.005;-0.007;-0.007;-0.006;-0.005;-0.005;-0.004;-0.005;-0.007;-0.005;-0.007;-0.007;-0.007;-0.007;-0.006;-0.008;-0.011;-0.011;-0.015;-0.020;-0.023;-0.024;-0.028;-0.030;-0.037;-0.043;-0.051;-0.057;-0.057;-0.059;-0.065;-0.075;-0.071;-0.076;-0.081;-0.085;-0.088;-0.088;-0.090;-0.095;-0.100;-0.108;-0.118;-0.131;-0.137;-0.137;-0.145;-0.152;-0.153;-0.148;-0.146;-0.145;-0.138;-0.132;-0.135;-0.130;-0.129;-0.133;-0.140;-0.143;-0.141;-0.148;-0.144;-0.133;-0.125;-0.129;-0.125;-0.116;-0.108;-0.113;-0.110;-0.098;-0.093;-0.093;-0.092;-0.089;-0.081;-0.083;-0.086;-0.076;-0.067;-0.065;-0.063;-0.052;-0.050;-0.042;-0.026;-0.024;-0.019;-0.020;-0.026;-0.028;-0.021;-0.015;-0.017;-0.017;-0.016;-0.014;-0.018;-0.017;-0.011;-0.013;-0.013;-0.012;-0.012;-0.012;-0.016;-0.013;-0.013;-0.010;-0.009;-0.012;-0.011;-0.011;-0.013;-0.013;-0.013;-0.020;-0.023;-0.019;-0.017;-0.014;-0.012;-0.009;-0.005;-0.008;-0.008;-0.007;-0.008;-0.008;;;;;;1,7r2810;8452;5602-6111;
Denschikov;A I;312439;12.03.1993;11.01.2021;11:47:55;Right;;PeakDistance [mm];0.000;0.000;0.000;0.000;0.000;0.000;0.000;0.000;0.000;0.000;0.000;0.000;0.000;0.000;0.000;0.000;0.000;0.000;0.000;0.000;0.000;0.000;0.000;0.000;0.000;0.000;0.000;0.000;0.000;0.000;0.000;0.000;2.216;2.650;2.930;3.168;3.434;3.617;3.758;3.856;3.995;4.134;4.232;4.331;4.388;4.472;4.615;4.644;4.685;4.769;4.837;4.781;4.893;5.063;5.077;5.120;5.176;5.234;5.248;5.248;5.250;5.223;5.196;5.264;5.291;5.233;5.259;5.330;5.371;5.425;5.328;5.414;5.416;5.334;5.251;5.278;5.247;5.061;5.032;5.019;5.022;4.941;4.834;4.792;4.730;4.585;4.427;4.342;4.258;4.065;3.859;3.665;3.344;3.063;2.626;2.626;2.626;0.000;0.000;0.000;0.000;0.000;0.000;0.000;0.000;0.000;0.000;0.000;0.000;0.000;0.000;0.000;0.000;0.000;0.000;0.000;0.000;0.000;0.000;0.000;0.000;0.000;0.000;0.000;0.000;0.000;0.000;0.000;0.000;0.000;0.000;0.000;0.000;0.000;0.000;0.000;0.000;0.000;0.000;0.000;;;;;;1,7r2810;8452;5602-6111;
Denschikov;A I;312439;12.03.1993;11.01.2021;11:47:55;Right;;InverseRadius [mm];0.000;0.000;0.000;0.000;0.000;0.000;0.000;0.000;0.000;0.000;0.000;0.000;0.000;0.000;0.000;0.000;0.000;0.000;0.000;0.000;0.000;0.000;0.000;0.000;0.000;0.000;0.000;0.000;0.000;0.000;0.000;0.075;0.124;0.163;0.196;0.192;0.187;0.180;0.191;0.194;0.197;0.193;0.200;0.195;0.198;0.193;0.179;0.186;0.190;0.182;0.178;0.186;0.165;0.163;0.161;0.170;0.164;0.157;0.159;0.163;0.163;0.168;0.172;0.153;0.157;0.173;0.180;0.165;0.164;0.163;0.171;0.161;0.164;0.173;0.172;0.166;0.168;0.176;0.172;0.163;0.146;0.163;0.170;0.160;0.159;0.160;0.207;0.201;0.195;0.194;0.192;0.183;0.187;0.184;0.151;0.114;0.032;0.000;0.000;0.000;0.000;0.000;0.000;0.000;0.000;0.000;0.000;0.000;0.000;0.000;0.000;0.000;0.000;0.000;0.000;0.000;0.000;0.000;0.000;0.000;0.000;0.000;0.000;0.000;0.000;0.000;0.000;0.000;0.000;0.000;0.000;0.000;0.000;0.000;0.000;0.000;0.000;0.000;0.000;0.000;;;;;;1,7r2810;8452;5602-6111;
Denschikov;A I;312439;12.03.1993;11.01.2021;11:47:55;Right;;DAratio2mm [1];0.000;0.000;0.000;0.000;0.000;0.000;0.747;0.735;0.753;0.761;0.771;0.800;0.811;0.815;0.827;0.848;0.881;0.852;0.880;0.879;0.887;0.894;0.911;0.926;0.971;1.000;1.108;1.332;1.642;2.009;2.715;3.777;4.536;5.094;5.105;4.662;4.242;3.929;3.824;3.621;3.361;3.087;3.030;2.919;2.820;2.733;2.696;2.627;2.606;2.512;2.415;2.399;2.284;2.175;2.125;2.140;2.076;2.011;2.000;2.002;2.004;2.008;2.016;1.956;1.921;1.948;1.950;1.863;1.824;1.815;1.842;1.806;1.821;1.860;1.879;1.838;1.834;1.857;1.853;1.846;1.836;1.921;1.965;1.954;1.945;1.930;1.954;1.925;1.936;2.001;2.038;2.056;2.016;1.965;1.810;1.609;1.319;1.062;1.019;1.076;1.118;1.132;1.077;1.012;1.023;1.024;1.011;1.003;1.000;1.003;0.994;0.995;0.990;0.992;0.985;0.987;0.978;0.978;0.976;0.976;0.972;0.977;0.971;0.966;0.951;0.960;0.972;1.001;1.009;0.983;0.995;0.980;0.968;0.957;0.949;0.940;0.943;0.940;0.944;0.938;;;;;;1,7r2810;8452;5602-6111;
Denschikov;A I;312439;12.03.1993;11.01.2021;11:47:55;Right;;DeflAmpRatio2mm [1];0.000;0.000;1.060;1.041;1.019;1.000;1.120;1.105;1.111;1.109;1.108;1.114;1.119;1.119;1.128;1.126;1.144;1.123;1.142;1.142;1.136;1.138;1.148;1.157;1.188;1.208;1.279;1.457;1.705;2.055;2.657;3.659;4.506;5.203;5.089;4.876;4.356;4.062;3.953;3.762;3.463;3.154;3.106;3.010;2.885;2.809;2.750;2.687;2.670;2.568;2.464;2.439;2.319;2.192;2.143;2.165;2.105;2.037;2.037;2.052;2.066;2.079;2.119;2.067;2.035;2.086;2.100;2.003;1.957;1.959;2.004;1.960;1.995;2.065;2.125;2.079;2.094;2.168;2.209;2.198;2.221;2.409;2.545;2.564;2.589;2.639;2.746;2.767;2.872;3.214;3.558;3.975;4.324;4.694;4.533;3.743;2.689;1.416;1.249;1.487;1.630;1.707;1.494;1.228;1.268;1.265;1.215;1.193;1.172;1.192;1.171;1.170;1.154;1.161;1.143;1.147;1.118;1.125;1.118;1.127;1.118;1.128;1.115;1.111;1.085;1.105;1.125;1.162;1.181;1.135;1.163;1.140;1.128;1.120;1.109;1.095;1.103;1.099;1.110;1.101;;;;;;1,7r2810;8452;5602-6111;
